County Name,State Id,WHD Office Name
York,PA,Wilkes Barre PA
Wyoming,PA,Wilkes Barre PA
Wayne,PA,Wilkes Barre PA
Union,PA,Wilkes Barre PA
Tioga,PA,Wilkes Barre PA
Susquehanna,PA,Wilkes Barre PA
Sullivan,PA,Wilkes Barre PA
Snyder,PA,Wilkes Barre PA
Schuylkill,PA,Wilkes Barre PA
Potter,PA,Wilkes Barre PA
Pike,PA,Wilkes Barre PA
Perry,PA,Wilkes Barre PA
Northumberland,PA,Wilkes Barre PA
Northampton,PA,Wilkes Barre PA
Montour,PA,Wilkes Barre PA
Monroe,PA,Wilkes Barre PA
Mifflin,PA,Wilkes Barre PA
Lycoming,PA,Wilkes Barre PA
Luzerne,PA,Wilkes Barre PA
Lehigh,PA,Wilkes Barre PA
Lebanon,PA,Wilkes Barre PA
Lancaster,PA,Wilkes Barre PA
Lackawanna,PA,Wilkes Barre PA
Juniata,PA,Wilkes Barre PA
Huntingdon,PA,Wilkes Barre PA
Fulton,PA,Wilkes Barre PA
Franklin,PA,Wilkes Barre PA
Dauphin,PA,Wilkes Barre PA
Cumberland,PA,Wilkes Barre PA
Columbia,PA,Wilkes Barre PA
Clinton,PA,Wilkes Barre PA
Centre,PA,Wilkes Barre PA
Carbon,PA,Wilkes Barre PA
Bradford,PA,Wilkes Barre PA
Blair,PA,Wilkes Barre PA
Berks,PA,Wilkes Barre PA
Bedford,PA,Wilkes Barre PA
Adams,PA,Wilkes Barre PA
San Bernardino,CA,West Covina
Riverside,CA,West Covina
Sumter,FL,Tampa FL
Sarasota,FL,Tampa FL
Polk,FL,Tampa FL
Pinellas,FL,Tampa FL
Pasco,FL,Tampa FL
Manatee,FL,Tampa FL
Lake,FL,Tampa FL
Hillsborough,FL,Tampa FL
Highlands,FL,Tampa FL
Hernando,FL,Tampa FL
Hardee,FL,Tampa FL
De Soto,FL,Tampa FL
Citrus,FL,Tampa FL
Wayne,MO,St. Louis MO
Washington,MO,St. Louis MO
Warren,MO,St. Louis MO
Texas,MO,St. Louis MO
Stoddard,MO,St. Louis MO
Ste Genevieve,MO,St. Louis MO
St Louis City,MO,St. Louis MO
St Louis,MO,St. Louis MO
St Francois,MO,St. Louis MO
St Clair,MO,St. Louis MO
St Charles,MO,St. Louis MO
Shelby,MO,St. Louis MO
Shannon,MO,St. Louis MO
Scott,MO,St. Louis MO
Scotland,MO,St. Louis MO
Ripley,MO,St. Louis MO
Reynolds,MO,St. Louis MO
Randolph,MO,St. Louis MO
Ralls,MO,St. Louis MO
Pulaski,MO,St. Louis MO
Pike,MO,St. Louis MO
Phelps,MO,St. Louis MO
Perry,MO,St. Louis MO
Pemiscot,MO,St. Louis MO
Osage,MO,St. Louis MO
Oregon,MO,St. Louis MO
New Madrid,MO,St. Louis MO
Morgan,MO,St. Louis MO
Montgomery,MO,St. Louis MO
Monroe,MO,St. Louis MO
Moniteau,MO,St. Louis MO
Mississippi,MO,St. Louis MO
Miller,MO,St. Louis MO
Marion,MO,St. Louis MO
Maries,MO,St. Louis MO
Madison,MO,St. Louis MO
Lincoln,MO,St. Louis MO
Lewis,MO,St. Louis MO
Knox,MO,St. Louis MO
Jefferson,MO,St. Louis MO
Iron,MO,St. Louis MO
Howell,MO,St. Louis MO
Howard,MO,St. Louis MO
Gasconade,MO,St. Louis MO
Franklin,MO,St. Louis MO
Dunklin,MO,St. Louis MO
Dent,MO,St. Louis MO
Crawford,MO,St. Louis MO
Cooper,MO,St. Louis MO
Cole,MO,St. Louis MO
Clark,MO,St. Louis MO
Carter,MO,St. Louis MO
Cape Girardeau,MO,St. Louis MO
Camden,MO,St. Louis MO
Callaway,MO,St. Louis MO
Butler,MO,St. Louis MO
Boone,MO,St. Louis MO
Bollinger,MO,St. Louis MO
Audrain,MO,St. Louis MO
Woodford,IL,St. Louis MO
Williamson,IL,St. Louis MO
Whiteside,IL,St. Louis MO
White,IL,St. Louis MO
Wayne,IL,St. Louis MO
Washington,IL,St. Louis MO
Warren,IL,St. Louis MO
Wabash,IL,St. Louis MO
Vermilion,IL,St. Louis MO
Union,IL,St. Louis MO
Tazewell,IL,St. Louis MO
Stark,IL,St. Louis MO
St Clair,IL,St. Louis MO
Shelby,IL,St. Louis MO
Scott,IL,St. Louis MO
Schuyler,IL,St. Louis MO
Sangamon,IL,St. Louis MO
Saline,IL,St. Louis MO
Rock Island,IL,St. Louis MO
Richland,IL,St. Louis MO
Randolph,IL,St. Louis MO
Putnam,IL,St. Louis MO
Pulaski,IL,St. Louis MO
Pope,IL,St. Louis MO
Pike,IL,St. Louis MO
Piatt,IL,St. Louis MO
Perry,IL,St. Louis MO
Peoria,IL,St. Louis MO
Moultrie,IL,St. Louis MO
Morgan,IL,St. Louis MO
Montgomery,IL,St. Louis MO
Monroe,IL,St. Louis MO
Mercer,IL,St. Louis MO
Menard,IL,St. Louis MO
Mclean,IL,St. Louis MO
Mcdonough,IL,St. Louis MO
Massac,IL,St. Louis MO
Mason,IL,St. Louis MO
Marshall,IL,St. Louis MO
Marion,IL,St. Louis MO
Madison,IL,St. Louis MO
Macoupin,IL,St. Louis MO
Macon,IL,St. Louis MO
Logan,IL,St. Louis MO
Livingston,IL,St. Louis MO
Lee,IL,St. Louis MO
Lawrence,IL,St. Louis MO
La Salle,IL,St. Louis MO
Knox,IL,St. Louis MO
Johnson,IL,St. Louis MO
Jersey,IL,St. Louis MO
Jefferson,IL,St. Louis MO
Jasper,IL,St. Louis MO
Jackson,IL,St. Louis MO
Iroquois,IL,St. Louis MO
Henry,IL,St. Louis MO
Henderson,IL,St. Louis MO
Hardin,IL,St. Louis MO
Hancock,IL,St. Louis MO
Hamilton,IL,St. Louis MO
Greene,IL,St. Louis MO
Gallatin,IL,St. Louis MO
Fulton,IL,St. Louis MO
Franklin,IL,St. Louis MO
Ford,IL,St. Louis MO
Fayette,IL,St. Louis MO
Effingham,IL,St. Louis MO
Edwards,IL,St. Louis MO
Edgar,IL,St. Louis MO
Douglas,IL,St. Louis MO
De Witt,IL,St. Louis MO
Cumberland,IL,St. Louis MO
Crawford,IL,St. Louis MO
Coles,IL,St. Louis MO
Clinton,IL,St. Louis MO
Clay,IL,St. Louis MO
Clark,IL,St. Louis MO
Christian,IL,St. Louis MO
Champaign,IL,St. Louis MO
Cass,IL,St. Louis MO
Calhoun,IL,St. Louis MO
Bureau,IL,St. Louis MO
Brown,IL,St. Louis MO
Bond,IL,St. Louis MO
Alexander,IL,St. Louis MO
Adams,IL,St. Louis MO
Somerset,NJ,Southern NJ
Salem,NJ,Southern NJ
Ocean,NJ,Southern NJ
Monmouth,NJ,Southern NJ
Middlesex,NJ,Southern NJ
Mercer,NJ,Southern NJ
Hunterdon,NJ,Southern NJ
Gloucester,NJ,Southern NJ
Cumberland,NJ,Southern NJ
Cape May,NJ,Southern NJ
Camden,NJ,Southern NJ
Burlington,NJ,Southern NJ
Atlantic,NJ,Southern NJ
Yakima,WA,Seattle
Whitman,WA,Seattle
Whatcom,WA,Seattle
Walla Walla,WA,Seattle
Thurston,WA,Seattle
Stevens,WA,Seattle
Spokane,WA,Seattle
Snohomish,WA,Seattle
Skagit,WA,Seattle
San Juan,WA,Seattle
Pierce,WA,Seattle
Pend Oreille,WA,Seattle
Okanogan,WA,Seattle
Mason,WA,Seattle
Lincoln,WA,Seattle
Lewis,WA,Seattle
Kittitas,WA,Seattle
Kitsap,WA,Seattle
King,WA,Seattle
Jefferson,WA,Seattle
Island,WA,Seattle
Grays Harbor,WA,Seattle
Grant,WA,Seattle
Garfield,WA,Seattle
Franklin,WA,Seattle
Ferry,WA,Seattle
Douglas,WA,Seattle
Columbia,WA,Seattle
Clallam,WA,Seattle
Chelan,WA,Seattle
Benton,WA,Seattle
Asotin,WA,Seattle
Adams,WA,Seattle
Shoshone,ID,Seattle
Nez Perce,ID,Seattle
Lewis,ID,Seattle
Latah,ID,Seattle
Kootenai,ID,Seattle
Idaho,ID,Seattle
Clearwater,ID,Seattle
Boundary,ID,Seattle
Bonner,ID,Seattle
Boise,ID,Seattle
Benewah,ID,Seattle
Yukon-Koyukuk,AK,Seattle
Wrangell-Petersburg,AK,Seattle
Wade Hampton,AK,Seattle
Valdez-Cordova,AK,Seattle
Unorganized Boroughs,AK,Seattle
Southeast Fairbanks,AK,Seattle
Skagway-Yakutat-Ango,AK,Seattle
Skagway-Hoonah Angoon,AK,Seattle
Sitka,AK,Seattle
Prince Of Wales-Oute,AK,Seattle
North Slope,AK,Seattle
Nome,AK,Seattle
Matanuska-Susitna,AK,Seattle
Lake and Peninsula,AK,Seattle
Kodiak Island,AK,Seattle
Kobuk,AK,Seattle
Ketchikan Gateway,AK,Seattle
Kenai Peninsula,AK,Seattle
Juneau,AK,Seattle
Haines,AK,Seattle
Fairbanks North Star,AK,Seattle
Dillingham,AK,Seattle
Denali,AK,Seattle
Bristol Bay,AK,Seattle
Bethel,AK,Seattle
Anchorage,AK,Seattle
Aleutians West,AK,Seattle
Aleutians East,AK,Seattle
Aleutian Islands,AK,Seattle
Wake Island,WK,San Francisco
Tinian,MP,San Francisco
Saipan,MP,San Francisco
Rota,MP,San Francisco
Northern Islands,MP,San Francisco
Marshall Is,MH,San Francisco
Johnston Is,JA,San Francisco
Guam,GU,San Francisco
Sonoma,CA,San Francisco
Santa Cruz,CA,San Francisco
Santa Clara,CA,San Francisco
San Mateo,CA,San Francisco
San Francisco,CA,San Francisco
San Benito,CA,San Francisco
Napa,CA,San Francisco
Monterey,CA,San Francisco
Mendocino,CA,San Francisco
Marin,CA,San Francisco
Humboldt,CA,San Francisco
Del Norte,CA,San Francisco
Contra Costa,CA,San Francisco
Alameda,CA,San Francisco
Western,AS,San Francisco
Swains Island,AS,San Francisco
Rose Island,AS,San Francisco
Manu'a,AS,San Francisco
Eastern,AS,San Francisco
San Diego,CA,San Diego
Orange,CA,San Diego
Imperial,CA,San Diego
Zavala,TX,San Antonio TX
Wilson,TX,San Antonio TX
Val Verde,TX,San Antonio TX
Uvalde,TX,San Antonio TX
Terrell,TX,San Antonio TX
Real,TX,San Antonio TX
Medina,TX,San Antonio TX
Mcmullen,TX,San Antonio TX
Maverick,TX,San Antonio TX
Live Oak,TX,San Antonio TX
La Salle,TX,San Antonio TX
Kinney,TX,San Antonio TX
Kerr,TX,San Antonio TX
Kendall,TX,San Antonio TX
Karnes,TX,San Antonio TX
Guadalupe,TX,San Antonio TX
Gonzales,TX,San Antonio TX
Gillespie,TX,San Antonio TX
Frio,TX,San Antonio TX
Edwards,TX,San Antonio TX
Dimmit,TX,San Antonio TX
Comal,TX,San Antonio TX
Brewster,TX,San Antonio TX
Bexar,TX,San Antonio TX
Bandera,TX,San Antonio TX
Atascosa,TX,San Antonio TX
Weston,WY,Salt Lake City UT
Washakie,WY,Salt Lake City UT
Uinta,WY,Salt Lake City UT
Teton,WY,Salt Lake City UT
Sweetwater,WY,Salt Lake City UT
Sublette,WY,Salt Lake City UT
Sheridan,WY,Salt Lake City UT
Platte,WY,Salt Lake City UT
Park,WY,Salt Lake City UT
Niobrara,WY,Salt Lake City UT
Natrona,WY,Salt Lake City UT
Lincoln,WY,Salt Lake City UT
Laramie,WY,Salt Lake City UT
Johnson,WY,Salt Lake City UT
Hot Springs,WY,Salt Lake City UT
Goshen,WY,Salt Lake City UT
Fremont,WY,Salt Lake City UT
Crook,WY,Salt Lake City UT
Converse,WY,Salt Lake City UT
Carbon,WY,Salt Lake City UT
Campbell,WY,Salt Lake City UT
Big Horn,WY,Salt Lake City UT
Albany,WY,Salt Lake City UT
Weber,UT,Salt Lake City UT
Wayne,UT,Salt Lake City UT
Washington,UT,Salt Lake City UT
Wasatch,UT,Salt Lake City UT
Utah,UT,Salt Lake City UT
Uintah,UT,Salt Lake City UT
Tooele,UT,Salt Lake City UT
Summit,UT,Salt Lake City UT
Sevier,UT,Salt Lake City UT
Sanpete,UT,Salt Lake City UT
San Juan,UT,Salt Lake City UT
Salt Lake,UT,Salt Lake City UT
Rich,UT,Salt Lake City UT
Piute,UT,Salt Lake City UT
Morgan,UT,Salt Lake City UT
Millard,UT,Salt Lake City UT
Kane,UT,Salt Lake City UT
Juab,UT,Salt Lake City UT
Iron,UT,Salt Lake City UT
Grand,UT,Salt Lake City UT
Garfield,UT,Salt Lake City UT
Emery,UT,Salt Lake City UT
Duchesne,UT,Salt Lake City UT
Davis,UT,Salt Lake City UT
Daggett,UT,Salt Lake City UT
Carbon,UT,Salt Lake City UT
Cache,UT,Salt Lake City UT
Box Elder,UT,Salt Lake City UT
Beaver,UT,Salt Lake City UT
Yelwstne Natl Park,MT,Salt Lake City UT
Yellowstone,MT,Salt Lake City UT
Wibaux,MT,Salt Lake City UT
Wheatland,MT,Salt Lake City UT
Valley,MT,Salt Lake City UT
Treasure,MT,Salt Lake City UT
Toole,MT,Salt Lake City UT
Teton,MT,Salt Lake City UT
Sweet Grass,MT,Salt Lake City UT
Stillwater,MT,Salt Lake City UT
Silver Bow,MT,Salt Lake City UT
Sheridan,MT,Salt Lake City UT
Sanders,MT,Salt Lake City UT
Rosebud,MT,Salt Lake City UT
Roosevelt,MT,Salt Lake City UT
Richland,MT,Salt Lake City UT
Ravalli,MT,Salt Lake City UT
Prairie,MT,Salt Lake City UT
Powell,MT,Salt Lake City UT
Powder River,MT,Salt Lake City UT
Pondera,MT,Salt Lake City UT
Phillips,MT,Salt Lake City UT
Petroleum,MT,Salt Lake City UT
Park,MT,Salt Lake City UT
Musselshell,MT,Salt Lake City UT
Missoula,MT,Salt Lake City UT
Mineral,MT,Salt Lake City UT
Meagher,MT,Salt Lake City UT
Mccone,MT,Salt Lake City UT
Madison,MT,Salt Lake City UT
Lincoln,MT,Salt Lake City UT
Liberty,MT,Salt Lake City UT
Lewis And Clark,MT,Salt Lake City UT
Lake,MT,Salt Lake City UT
Judith Basin,MT,Salt Lake City UT
Jefferson,MT,Salt Lake City UT
Hill,MT,Salt Lake City UT
Granite,MT,Salt Lake City UT
Golden Valley,MT,Salt Lake City UT
Glacier,MT,Salt Lake City UT
Garfield,MT,Salt Lake City UT
Gallatin,MT,Salt Lake City UT
Flathead,MT,Salt Lake City UT
Fergus,MT,Salt Lake City UT
Fallon,MT,Salt Lake City UT
Deer Lodge,MT,Salt Lake City UT
Dawson,MT,Salt Lake City UT
Daniels,MT,Salt Lake City UT
Custer,MT,Salt Lake City UT
Chouteau,MT,Salt Lake City UT
Cascade,MT,Salt Lake City UT
Carter,MT,Salt Lake City UT
Carbon,MT,Salt Lake City UT
Broadwater,MT,Salt Lake City UT
Blaine,MT,Salt Lake City UT
Big Horn,MT,Salt Lake City UT
Beaverhead,MT,Salt Lake City UT
Yuba,CA,Sacramento
Yolo,CA,Sacramento
Tuolumne,CA,Sacramento
Tulare,CA,Sacramento
Trinity,CA,Sacramento
Tehama,CA,Sacramento
Sutter,CA,Sacramento
Stanislaus,CA,Sacramento
Solano,CA,Sacramento
Siskiyou,CA,Sacramento
Sierra,CA,Sacramento
Shasta,CA,Sacramento
San Joaquin,CA,Sacramento
Sacramento,CA,Sacramento
Plumas,CA,Sacramento
Placer,CA,Sacramento
Nevada,CA,Sacramento
Mono,CA,Sacramento
Modoc,CA,Sacramento
Merced,CA,Sacramento
Mariposa,CA,Sacramento
Madera,CA,Sacramento
Lassen,CA,Sacramento
Lake,CA,Sacramento
Kings,CA,Sacramento
Kern,CA,Sacramento
Inyo,CA,Sacramento
Glenn,CA,Sacramento
Fresno,CA,Sacramento
El Dorado,CA,Sacramento
Colusa,CA,Sacramento
Calaveras,CA,Sacramento
Butte,CA,Sacramento
Amador,CA,Sacramento
Alpine,CA,Sacramento
York,VA,Richmond VA
Williamsburg,VA,Richmond VA
Westmoreland,VA,Richmond VA
Waynesboro,VA,Richmond VA
Warren,VA,Richmond VA
Virginia Beach,VA,Richmond VA
Sussex,VA,Richmond VA
Surry,VA,Richmond VA
Suffolk,VA,Richmond VA
Staunton,VA,Richmond VA
Spotsylvania,VA,Richmond VA
Southampton,VA,Richmond VA
South Boston,VA,Richmond VA
Shenandoah,VA,Richmond VA
Salem,VA,Richmond VA
Rockingham,VA,Richmond VA
Rockbridge,VA,Richmond VA
Roanoke City,VA,Richmond VA
Roanoke,VA,Richmond VA
Richmond City,VA,Richmond VA
Richmond,VA,Richmond VA
Rappahannock,VA,Richmond VA
Radford,VA,Richmond VA
Pulaske,VA,Richmond VA
Prince George,VA,Richmond VA
Prince Edward,VA,Richmond VA
Powhatan,VA,Richmond VA
Portsmouth,VA,Richmond VA
Poquoson,VA,Richmond VA
Pittsylvania,VA,Richmond VA
Petersburg,VA,Richmond VA
Patrick,VA,Richmond VA
Page,VA,Richmond VA
Orange,VA,Richmond VA
Nottoway,VA,Richmond VA
Northumberland,VA,Richmond VA
Norfolk,VA,Richmond VA
Newport News,VA,Richmond VA
New Kent,VA,Richmond VA
Nelson,VA,Richmond VA
Montgomery,VA,Richmond VA
Middlesex,VA,Richmond VA
Mecklenburg,VA,Richmond VA
Mathews,VA,Richmond VA
Martinsville,VA,Richmond VA
Manassas Park,VA,Richmond VA
Manassas,VA,Richmond VA
Madison,VA,Richmond VA
Lynchburg,VA,Richmond VA
Lunenburg,VA,Richmond VA
Louisa,VA,Richmond VA
Lexington,VA,Richmond VA
Lancaster,VA,Richmond VA
King William,VA,Richmond VA
King George,VA,Richmond VA
King And Queen,VA,Richmond VA
James City,VA,Richmond VA
Isle Of Wight,VA,Richmond VA
Hopewell,VA,Richmond VA
Highland,VA,Richmond VA
Henry,VA,Richmond VA
Henrico,VA,Richmond VA
Harrisonburg,VA,Richmond VA
Hanover,VA,Richmond VA
Hampton,VA,Richmond VA
Halifax,VA,Richmond VA
Greensville,VA,Richmond VA
Greene,VA,Richmond VA
Goochland,VA,Richmond VA
Gloucester,VA,Richmond VA
Giles,VA,Richmond VA
Fredericksburg,VA,Richmond VA
Franklin City,VA,Richmond VA
Franklin,VA,Richmond VA
Fluvanna,VA,Richmond VA
Floyd,VA,Richmond VA
Essex,VA,Richmond VA
Emporia,VA,Richmond VA
Dinwiddie,VA,Richmond VA
Danville,VA,Richmond VA
Cumberland,VA,Richmond VA
Culpeper,VA,Richmond VA
Craig,VA,Richmond VA
Covington,VA,Richmond VA
Colonial Hghts,VA,Richmond VA
Clifton Forge,VA,Richmond VA
Chesterfield,VA,Richmond VA
Chesapeake,VA,Richmond VA
Charlottesville,VA,Richmond VA
Charlotte,VA,Richmond VA
Charles City,VA,Richmond VA
Caroline,VA,Richmond VA
Campbell,VA,Richmond VA
Buena Vista,VA,Richmond VA
Buckingham,VA,Richmond VA
Brunswick,VA,Richmond VA
Botetourt,VA,Richmond VA
Bedford City,VA,Richmond VA
Bedford,VA,Richmond VA
Bath,VA,Richmond VA
Augusta,VA,Richmond VA
Appomattox,VA,Richmond VA
Amherst,VA,Richmond VA
Amelia,VA,Richmond VA
Alleghany,VA,Richmond VA
Albemarle,VA,Richmond VA
Yancey,NC,Raleigh NC
Yadkin,NC,Raleigh NC
Wilson,NC,Raleigh NC
Wilkes,NC,Raleigh NC
Wayne,NC,Raleigh NC
Watauga,NC,Raleigh NC
Washington,NC,Raleigh NC
Warren,NC,Raleigh NC
Wake,NC,Raleigh NC
Vance,NC,Raleigh NC
Union,NC,Raleigh NC
Tyrrell,NC,Raleigh NC
Transylvania,NC,Raleigh NC
Swain,NC,Raleigh NC
Surry,NC,Raleigh NC
Stokes,NC,Raleigh NC
Stanly,NC,Raleigh NC
Scotland,NC,Raleigh NC
Sampson,NC,Raleigh NC
Rutherford,NC,Raleigh NC
Rowan,NC,Raleigh NC
Rockingham,NC,Raleigh NC
Robeson,NC,Raleigh NC
Richmond,NC,Raleigh NC
Randolph,NC,Raleigh NC
Polk,NC,Raleigh NC
Pitt,NC,Raleigh NC
Person,NC,Raleigh NC
Perquimans,NC,Raleigh NC
Pender,NC,Raleigh NC
Pasquotank,NC,Raleigh NC
Pamlico,NC,Raleigh NC
Orange,NC,Raleigh NC
Onslow,NC,Raleigh NC
Northampton,NC,Raleigh NC
New Hanover,NC,Raleigh NC
Nash,NC,Raleigh NC
Moore,NC,Raleigh NC
Montgomery,NC,Raleigh NC
Mitchell,NC,Raleigh NC
Mecklenburg,NC,Raleigh NC
Mcdowell,NC,Raleigh NC
Martin,NC,Raleigh NC
Madison,NC,Raleigh NC
Macon,NC,Raleigh NC
Lincoln,NC,Raleigh NC
Lenoir,NC,Raleigh NC
Lee,NC,Raleigh NC
Jones,NC,Raleigh NC
Johnston,NC,Raleigh NC
Jackson,NC,Raleigh NC
Iredell,NC,Raleigh NC
Hyde,NC,Raleigh NC
Hoke,NC,Raleigh NC
Hertford,NC,Raleigh NC
Henderson,NC,Raleigh NC
Haywood,NC,Raleigh NC
Harnett,NC,Raleigh NC
Halifax,NC,Raleigh NC
Guilford,NC,Raleigh NC
Greene,NC,Raleigh NC
Granville,NC,Raleigh NC
Graham,NC,Raleigh NC
Gates,NC,Raleigh NC
Gaston,NC,Raleigh NC
Franklin,NC,Raleigh NC
Forsyth,NC,Raleigh NC
Edgecombe,NC,Raleigh NC
Durham,NC,Raleigh NC
Duplin,NC,Raleigh NC
Davie,NC,Raleigh NC
Davidson,NC,Raleigh NC
Dare,NC,Raleigh NC
Currituck,NC,Raleigh NC
Cumberland,NC,Raleigh NC
Craven,NC,Raleigh NC
Columbus,NC,Raleigh NC
Cleveland,NC,Raleigh NC
Clay,NC,Raleigh NC
Chowan,NC,Raleigh NC
Cherokee,NC,Raleigh NC
Chatham,NC,Raleigh NC
Catawba,NC,Raleigh NC
Caswell,NC,Raleigh NC
Carteret,NC,Raleigh NC
Camden,NC,Raleigh NC
Caldwell,NC,Raleigh NC
Cabarrus,NC,Raleigh NC
Burke,NC,Raleigh NC
Buncombe,NC,Raleigh NC
Brunswick,NC,Raleigh NC
Bladen,NC,Raleigh NC
Bertie,NC,Raleigh NC
Beaufort,NC,Raleigh NC
Avery,NC,Raleigh NC
Ashe,NC,Raleigh NC
Anson,NC,Raleigh NC
Alleghany,NC,Raleigh NC
Alexander,NC,Raleigh NC
Alamance,NC,Raleigh NC
Wahkiakum,WA,Portland
Skamania,WA,Portland
Pacific,WA,Portland
Klickitat,WA,Portland
Cowlitz,WA,Portland
Clark,WA,Portland
Yamhill,OR,Portland
Wheeler,OR,Portland
Washington,OR,Portland
Wasco,OR,Portland
Wallowa,OR,Portland
Union,OR,Portland
Umatilla,OR,Portland
Tillamook,OR,Portland
Sherman,OR,Portland
Polk,OR,Portland
Multnomah,OR,Portland
Morrow,OR,Portland
Marion,OR,Portland
Malheur,OR,Portland
Linn,OR,Portland
Lincoln,OR,Portland
Lane,OR,Portland
Lake,OR,Portland
Klamath,OR,Portland
Josephine,OR,Portland
Jefferson,OR,Portland
Jackson,OR,Portland
Hood River,OR,Portland
Harney,OR,Portland
Grant,OR,Portland
Gilliam,OR,Portland
Douglas,OR,Portland
Deschutes,OR,Portland
Curry,OR,Portland
Crook,OR,Portland
Coos,OR,Portland
Columbia,OR,Portland
Clatsop,OR,Portland
Clackamas,OR,Portland
Benton,OR,Portland
Baker,OR,Portland
Washington,ID,Portland
Valley,ID,Portland
Twin Falls,ID,Portland
Teton,ID,Portland
Power,ID,Portland
Payette,ID,Portland
Owyhee,ID,Portland
Oneida,ID,Portland
Minidoka,ID,Portland
Madison,ID,Portland
Lincoln,ID,Portland
Lemhi,ID,Portland
Jerome,ID,Portland
Jefferson,ID,Portland
Gooding,ID,Portland
Gem,ID,Portland
Fremont,ID,Portland
Franklin,ID,Portland
Elmore,ID,Portland
Custer,ID,Portland
Clark,ID,Portland
Cassia,ID,Portland
Caribou,ID,Portland
Canyon,ID,Portland
Camas,ID,Portland
Butte,ID,Portland
Bonneville,ID,Portland
Blaine,ID,Portland
Bingham,ID,Portland
Bear Lake,ID,Portland
Bannock,ID,Portland
Adams,ID,Portland
Ada,ID,Portland
Wyoming,WV,Pittsburgh PA
Wood,WV,Pittsburgh PA
Wirt,WV,Pittsburgh PA
Wetzel,WV,Pittsburgh PA
Webster,WV,Pittsburgh PA
Wayne,WV,Pittsburgh PA
Upshur,WV,Pittsburgh PA
Tyler,WV,Pittsburgh PA
Tucker,WV,Pittsburgh PA
Taylor,WV,Pittsburgh PA
Summers,WV,Pittsburgh PA
Roane,WV,Pittsburgh PA
Ritchie,WV,Pittsburgh PA
Randolph,WV,Pittsburgh PA
Raleigh,WV,Pittsburgh PA
Putnam,WV,Pittsburgh PA
Preston,WV,Pittsburgh PA
Pocahontas,WV,Pittsburgh PA
Pleasants,WV,Pittsburgh PA
Pendleton,WV,Pittsburgh PA
Ohio,WV,Pittsburgh PA
Nicholas,WV,Pittsburgh PA
Morgan,WV,Pittsburgh PA
Monroe,WV,Pittsburgh PA
Monongalia,WV,Pittsburgh PA
Mingo,WV,Pittsburgh PA
Mineral,WV,Pittsburgh PA
Mercer,WV,Pittsburgh PA
Mcdowell,WV,Pittsburgh PA
Mason,WV,Pittsburgh PA
Marshall,WV,Pittsburgh PA
Marion,WV,Pittsburgh PA
Logan,WV,Pittsburgh PA
Lincoln,WV,Pittsburgh PA
Lewis,WV,Pittsburgh PA
Kanawha,WV,Pittsburgh PA
Jefferson,WV,Pittsburgh PA
Jackson,WV,Pittsburgh PA
Harrison,WV,Pittsburgh PA
Hardy,WV,Pittsburgh PA
Hancock,WV,Pittsburgh PA
Hampshire,WV,Pittsburgh PA
Greenbrier,WV,Pittsburgh PA
Grant,WV,Pittsburgh PA
Gilmer,WV,Pittsburgh PA
Fayette,WV,Pittsburgh PA
Doddridge,WV,Pittsburgh PA
Clay,WV,Pittsburgh PA
Calhoun,WV,Pittsburgh PA
Cabell,WV,Pittsburgh PA
Brooke,WV,Pittsburgh PA
Braxton,WV,Pittsburgh PA
Boone,WV,Pittsburgh PA
Berkeley,WV,Pittsburgh PA
Barbour,WV,Pittsburgh PA
Wythe,VA,Pittsburgh PA
Wise,VA,Pittsburgh PA
Washington,VA,Pittsburgh PA
Tazewell,VA,Pittsburgh PA
Smyth,VA,Pittsburgh PA
Scott,VA,Pittsburgh PA
Russell,VA,Pittsburgh PA
Norton,VA,Pittsburgh PA
Lee,VA,Pittsburgh PA
Grayson,VA,Pittsburgh PA
Galax,VA,Pittsburgh PA
Dickenson,VA,Pittsburgh PA
Carroll,VA,Pittsburgh PA
Buchanan,VA,Pittsburgh PA
Bristol,VA,Pittsburgh PA
Bland,VA,Pittsburgh PA
Westmoreland,PA,Pittsburgh PA
Washington,PA,Pittsburgh PA
Warren,PA,Pittsburgh PA
Venango,PA,Pittsburgh PA
Somerset,PA,Pittsburgh PA
Mercer,PA,Pittsburgh PA
McKean,PA,Pittsburgh PA
Lawrence,PA,Pittsburgh PA
Jefferson,PA,Pittsburgh PA
Indiana,PA,Pittsburgh PA
Greene,PA,Pittsburgh PA
Forest,PA,Pittsburgh PA
Fayette,PA,Pittsburgh PA
Erie,PA,Pittsburgh PA
Elk,PA,Pittsburgh PA
Crawford,PA,Pittsburgh PA
Clearfield,PA,Pittsburgh PA
Clarion,PA,Pittsburgh PA
Cameron,PA,Pittsburgh PA
Cambria,PA,Pittsburgh PA
Butler,PA,Pittsburgh PA
Beaver,PA,Pittsburgh PA
Armstrong,PA,Pittsburgh PA
Allegheny,PA,Pittsburgh PA
Garrett,MD,Pittsburgh PA
Allegany,MD,Pittsburgh PA
Yuma,AZ,Phoenix
Yavapai,AZ,Phoenix
Santa Cruz,AZ,Phoenix
Pinal,AZ,Phoenix
Pima,AZ,Phoenix
Navajo,AZ,Phoenix
Mohave,AZ,Phoenix
Maricopa,AZ,Phoenix
La Paz,AZ,Phoenix
Greenlee,AZ,Phoenix
Graham,AZ,Phoenix
Gila,AZ,Phoenix
Coconino,AZ,Phoenix
Cochise,AZ,Phoenix
Apache,AZ,Phoenix
Philadelphia,PA,Philadelphia PA
Montgomery,PA,Philadelphia PA
Delaware,PA,Philadelphia PA
Chester,PA,Philadelphia PA
Bucks,PA,Philadelphia PA
Sussex,DE,Philadelphia PA
New Castle,DE,Philadelphia PA
Kent,DE,Philadelphia PA
Woodward,OK,Oklahoma City
Woods,OK,Oklahoma City
Washita,OK,Oklahoma City
Washington,OK,Oklahoma City
Wagoner,OK,Oklahoma City
Tulsa,OK,Oklahoma City
Tillman,OK,Oklahoma City
Texas,OK,Oklahoma City
Stephens,OK,Oklahoma City
Sequoyah,OK,Oklahoma City
Seminole,OK,Oklahoma City
Rogers,OK,Oklahoma City
Roger Mills,OK,Oklahoma City
Pushmataha,OK,Oklahoma City
Pottawatomie,OK,Oklahoma City
Pontotoc,OK,Oklahoma City
Pittsburg,OK,Oklahoma City
Payne,OK,Oklahoma City
Pawnee,OK,Oklahoma City
Ottawa,OK,Oklahoma City
Osage,OK,Oklahoma City
Okmulgee,OK,Oklahoma City
Oklahoma,OK,Oklahoma City
Okfuskee,OK,Oklahoma City
Nowata,OK,Oklahoma City
Noble,OK,Oklahoma City
Muskogee,OK,Oklahoma City
Murray,OK,Oklahoma City
Mcintosh,OK,Oklahoma City
Mccurtain,OK,Oklahoma City
Mcclain,OK,Oklahoma City
Mayes,OK,Oklahoma City
Marshall,OK,Oklahoma City
Major,OK,Oklahoma City
Love,OK,Oklahoma City
Logan,OK,Oklahoma City
Lincoln,OK,Oklahoma City
Le Flore,OK,Oklahoma City
Latimer,OK,Oklahoma City
Kiowa,OK,Oklahoma City
Kingfisher,OK,Oklahoma City
Kay,OK,Oklahoma City
Johnston,OK,Oklahoma City
Jefferson,OK,Oklahoma City
Jackson,OK,Oklahoma City
Hughes,OK,Oklahoma City
Haskell,OK,Oklahoma City
Harper,OK,Oklahoma City
Harmon,OK,Oklahoma City
Greer,OK,Oklahoma City
Grant,OK,Oklahoma City
Grady,OK,Oklahoma City
Garvin,OK,Oklahoma City
Garfield,OK,Oklahoma City
Ellis,OK,Oklahoma City
Dewey,OK,Oklahoma City
Delaware,OK,Oklahoma City
Custer,OK,Oklahoma City
Creek,OK,Oklahoma City
Craig,OK,Oklahoma City
Cotton,OK,Oklahoma City
Comanche,OK,Oklahoma City
Coal,OK,Oklahoma City
Cleveland,OK,Oklahoma City
Cimarron,OK,Oklahoma City
Choctaw,OK,Oklahoma City
Cherokee,OK,Oklahoma City
Carter,OK,Oklahoma City
Canadian,OK,Oklahoma City
Caddo,OK,Oklahoma City
Bryan,OK,Oklahoma City
Blaine,OK,Oklahoma City
Beckham,OK,Oklahoma City
Beaver,OK,Oklahoma City
Atoka,OK,Oklahoma City
Alfalfa,OK,Oklahoma City
Adair,OK,Oklahoma City
Warren,NJ,Northern NJ
Union,NJ,Northern NJ
Sussex,NJ,Northern NJ
Passaic,NJ,Northern NJ
Morris,NJ,Northern NJ
Hudson,NJ,Northern NJ
Essex,NJ,Northern NJ
Bergen,NJ,Northern NJ
Richmond,NY,New York City
Queens,NY,New York City
New York,NY,New York City
Kings,NY,New York City
Bronx,NY,New York City
Winn,LA,New Orleans LA
West Feliciana,LA,New Orleans LA
West Carroll,LA,New Orleans LA
West Baton Rouge,LA,New Orleans LA
Webster,LA,New Orleans LA
Washington,LA,New Orleans LA
Vernon,LA,New Orleans LA
Vermilion,LA,New Orleans LA
Union,LA,New Orleans LA
Terrebonne,LA,New Orleans LA
Tensas,LA,New Orleans LA
Tangipahoa,LA,New Orleans LA
St Tammany,LA,New Orleans LA
St Mary,LA,New Orleans LA
St Martin,LA,New Orleans LA
St Landry,LA,New Orleans LA
St John The Baptist,LA,New Orleans LA
St James,LA,New Orleans LA
St Helena,LA,New Orleans LA
St Charles,LA,New Orleans LA
St Bernard,LA,New Orleans LA
Sabine,LA,New Orleans LA
Richland,LA,New Orleans LA
Red River,LA,New Orleans LA
Rapides,LA,New Orleans LA
Pointe Coupee,LA,New Orleans LA
Plaquemines,LA,New Orleans LA
Ouachita,LA,New Orleans LA
Orleans,LA,New Orleans LA
Natchitoches,LA,New Orleans LA
Morehouse,LA,New Orleans LA
Madison,LA,New Orleans LA
Livingston,LA,New Orleans LA
Lincoln,LA,New Orleans LA
Lafourche,LA,New Orleans LA
Lafayette,LA,New Orleans LA
La Salle,LA,New Orleans LA
Jefferson Davis,LA,New Orleans LA
Jefferson,LA,New Orleans LA
Jackson,LA,New Orleans LA
Iberville,LA,New Orleans LA
Iberia,LA,New Orleans LA
Grant,LA,New Orleans LA
Franklin,LA,New Orleans LA
Evangeline,LA,New Orleans LA
East Feliciana,LA,New Orleans LA
East Carroll,LA,New Orleans LA
East Baton Rouge,LA,New Orleans LA
De Soto,LA,New Orleans LA
Concordia,LA,New Orleans LA
Claiborne,LA,New Orleans LA
Catahoula,LA,New Orleans LA
Cameron,LA,New Orleans LA
Caldwell,LA,New Orleans LA
Calcasieu,LA,New Orleans LA
Caddo,LA,New Orleans LA
Bossier,LA,New Orleans LA
Bienville,LA,New Orleans LA
Beauregard,LA,New Orleans LA
Avoyelles,LA,New Orleans LA
Assumption,LA,New Orleans LA
Ascension,LA,New Orleans LA
Allen,LA,New Orleans LA
Acadia,LA,New Orleans LA
Wilson,TN,Nashville TN
Williamson,TN,Nashville TN
White,TN,Nashville TN
Weakley,TN,Nashville TN
Wayne,TN,Nashville TN
Washington,TN,Nashville TN
Warren,TN,Nashville TN
Van Buren,TN,Nashville TN
Union,TN,Nashville TN
Unicoi,TN,Nashville TN
Trousdale,TN,Nashville TN
Tipton,TN,Nashville TN
Sumner,TN,Nashville TN
Sullivan,TN,Nashville TN
Stewart,TN,Nashville TN
Smith,TN,Nashville TN
Shelby,TN,Nashville TN
Sevier,TN,Nashville TN
Sequatchie,TN,Nashville TN
Scott,TN,Nashville TN
Rutherford,TN,Nashville TN
Robertson,TN,Nashville TN
Roane,TN,Nashville TN
Rhea,TN,Nashville TN
Putnam,TN,Nashville TN
Polk,TN,Nashville TN
Pickett,TN,Nashville TN
Perry,TN,Nashville TN
Overton,TN,Nashville TN
Obion,TN,Nashville TN
Morgan,TN,Nashville TN
Moore,TN,Nashville TN
Montgomery,TN,Nashville TN
Monroe,TN,Nashville TN
Meigs,TN,Nashville TN
Mcnairy,TN,Nashville TN
Mcminn,TN,Nashville TN
Maury,TN,Nashville TN
Marshall,TN,Nashville TN
Marion,TN,Nashville TN
Madison,TN,Nashville TN
Macon,TN,Nashville TN
Loudon,TN,Nashville TN
Lincoln,TN,Nashville TN
Lewis,TN,Nashville TN
Lawrence,TN,Nashville TN
Lauderdale,TN,Nashville TN
Lake,TN,Nashville TN
Knox,TN,Nashville TN
Johnson,TN,Nashville TN
Jefferson,TN,Nashville TN
Jackson,TN,Nashville TN
Humphreys,TN,Nashville TN
Houston,TN,Nashville TN
Hickman,TN,Nashville TN
Henry,TN,Nashville TN
Henderson,TN,Nashville TN
Haywood,TN,Nashville TN
Hawkins,TN,Nashville TN
Hardin,TN,Nashville TN
Hardeman,TN,Nashville TN
Hancock,TN,Nashville TN
Hamilton,TN,Nashville TN
Hamblen,TN,Nashville TN
Grundy,TN,Nashville TN
Greene,TN,Nashville TN
Grainger,TN,Nashville TN
Giles,TN,Nashville TN
Gibson,TN,Nashville TN
Franklin,TN,Nashville TN
Fentress,TN,Nashville TN
Fayette,TN,Nashville TN
Dyer,TN,Nashville TN
Dickson,TN,Nashville TN
Decatur,TN,Nashville TN
De Kalb,TN,Nashville TN
Davidson,TN,Nashville TN
Cumberland,TN,Nashville TN
Crockett,TN,Nashville TN
Coffee,TN,Nashville TN
Cocke,TN,Nashville TN
Clay,TN,Nashville TN
Claiborne,TN,Nashville TN
Chester,TN,Nashville TN
Cheatham,TN,Nashville TN
Carter,TN,Nashville TN
Carroll,TN,Nashville TN
Cannon,TN,Nashville TN
Campbell,TN,Nashville TN
Bradley,TN,Nashville TN
Blount,TN,Nashville TN
Bledsoe,TN,Nashville TN
Benton,TN,Nashville TN
Bedford,TN,Nashville TN
Anderson,TN,Nashville TN
Wood,WI,Minneapolis MN
Winnebago,WI,Minneapolis MN
Waushara,WI,Minneapolis MN
Waupaca,WI,Minneapolis MN
Waukesha,WI,Minneapolis MN
Washington,WI,Minneapolis MN
Washburn,WI,Minneapolis MN
Walworth,WI,Minneapolis MN
Vilas,WI,Minneapolis MN
Vernon,WI,Minneapolis MN
Trempealeau,WI,Minneapolis MN
Taylor,WI,Minneapolis MN
St Croix,WI,Minneapolis MN
Sheboygan,WI,Minneapolis MN
Shawano,WI,Minneapolis MN
Sawyer,WI,Minneapolis MN
Sauk,WI,Minneapolis MN
Rusk,WI,Minneapolis MN
Rock,WI,Minneapolis MN
Richland,WI,Minneapolis MN
Racine,WI,Minneapolis MN
Price,WI,Minneapolis MN
Portage,WI,Minneapolis MN
Polk,WI,Minneapolis MN
Pierce,WI,Minneapolis MN
Pepin,WI,Minneapolis MN
Ozaukee,WI,Minneapolis MN
Outagamie,WI,Minneapolis MN
Oneida,WI,Minneapolis MN
Oconto,WI,Minneapolis MN
Monroe,WI,Minneapolis MN
Milwaukee,WI,Minneapolis MN
Menominee,WI,Minneapolis MN
Marquette,WI,Minneapolis MN
Marinette,WI,Minneapolis MN
Marathon,WI,Minneapolis MN
Manitowoc,WI,Minneapolis MN
Lincoln,WI,Minneapolis MN
Langlade,WI,Minneapolis MN
Lafayette,WI,Minneapolis MN
La Crosse,WI,Minneapolis MN
Kewaunee,WI,Minneapolis MN
Kenosha,WI,Minneapolis MN
Juneau,WI,Minneapolis MN
Jefferson,WI,Minneapolis MN
Jackson,WI,Minneapolis MN
Iron,WI,Minneapolis MN
Iowa,WI,Minneapolis MN
Green Lake,WI,Minneapolis MN
Green,WI,Minneapolis MN
Grant,WI,Minneapolis MN
Forest,WI,Minneapolis MN
Fond Du Lac,WI,Minneapolis MN
Florence,WI,Minneapolis MN
Eau Claire,WI,Minneapolis MN
Dunn,WI,Minneapolis MN
Douglas,WI,Minneapolis MN
Door,WI,Minneapolis MN
Dodge,WI,Minneapolis MN
Dane,WI,Minneapolis MN
Crawford,WI,Minneapolis MN
Columbia,WI,Minneapolis MN
Clark,WI,Minneapolis MN
Chippewa,WI,Minneapolis MN
Calumet,WI,Minneapolis MN
Burnett,WI,Minneapolis MN
Buffalo,WI,Minneapolis MN
Brown,WI,Minneapolis MN
Bayfield,WI,Minneapolis MN
Barron,WI,Minneapolis MN
Ashland,WI,Minneapolis MN
Adams,WI,Minneapolis MN
Yellow Medicine,MN,Minneapolis MN
Wright,MN,Minneapolis MN
Winona,MN,Minneapolis MN
Wilkin,MN,Minneapolis MN
Watonwan,MN,Minneapolis MN
Washington,MN,Minneapolis MN
Waseca,MN,Minneapolis MN
Wadena,MN,Minneapolis MN
Wabasha,MN,Minneapolis MN
Traverse,MN,Minneapolis MN
Todd,MN,Minneapolis MN
Swift,MN,Minneapolis MN
Stevens,MN,Minneapolis MN
Steele,MN,Minneapolis MN
Stearns,MN,Minneapolis MN
St Louis,MN,Minneapolis MN
Sibley,MN,Minneapolis MN
Sherburne,MN,Minneapolis MN
Scott,MN,Minneapolis MN
Roseau,MN,Minneapolis MN
Rock,MN,Minneapolis MN
Rice,MN,Minneapolis MN
Renville,MN,Minneapolis MN
Redwood,MN,Minneapolis MN
Red Lake,MN,Minneapolis MN
Ramsey,MN,Minneapolis MN
Pope,MN,Minneapolis MN
Polk,MN,Minneapolis MN
Pipestone,MN,Minneapolis MN
Pine,MN,Minneapolis MN
Pennington,MN,Minneapolis MN
Otter Tail,MN,Minneapolis MN
Olmsted,MN,Minneapolis MN
Norman,MN,Minneapolis MN
Nobles,MN,Minneapolis MN
Nicollet,MN,Minneapolis MN
Murray,MN,Minneapolis MN
Mower,MN,Minneapolis MN
Morrison,MN,Minneapolis MN
Mille Lacs,MN,Minneapolis MN
Meeker,MN,Minneapolis MN
Mcleod,MN,Minneapolis MN
Martin,MN,Minneapolis MN
Marshall,MN,Minneapolis MN
Mahnomen,MN,Minneapolis MN
Lyon,MN,Minneapolis MN
Lincoln,MN,Minneapolis MN
Le Sueur,MN,Minneapolis MN
Lake Of The Woods,MN,Minneapolis MN
Lake,MN,Minneapolis MN
Lac Qui Parle,MN,Minneapolis MN
Koochiching,MN,Minneapolis MN
Kittson,MN,Minneapolis MN
Kandiyohi,MN,Minneapolis MN
Kanabec,MN,Minneapolis MN
Jackson,MN,Minneapolis MN
Itasca,MN,Minneapolis MN
Isanti,MN,Minneapolis MN
Hubbard,MN,Minneapolis MN
Houston,MN,Minneapolis MN
Hennepin,MN,Minneapolis MN
Grant,MN,Minneapolis MN
Goodhue,MN,Minneapolis MN
Freeborn,MN,Minneapolis MN
Fillmore,MN,Minneapolis MN
Faribault,MN,Minneapolis MN
Douglas,MN,Minneapolis MN
Dodge,MN,Minneapolis MN
Dakota,MN,Minneapolis MN
Crow Wing,MN,Minneapolis MN
Cottonwood,MN,Minneapolis MN
Cook,MN,Minneapolis MN
Clearwater,MN,Minneapolis MN
Clay,MN,Minneapolis MN
Chisago,MN,Minneapolis MN
Chippewa,MN,Minneapolis MN
Cass,MN,Minneapolis MN
Carver,MN,Minneapolis MN
Carlton,MN,Minneapolis MN
Brown,MN,Minneapolis MN
Blue Earth,MN,Minneapolis MN
Big Stone,MN,Minneapolis MN
Benton,MN,Minneapolis MN
Beltrami,MN,Minneapolis MN
Becker,MN,Minneapolis MN
Anoka,MN,Minneapolis MN
Aitkin,MN,Minneapolis MN
St Lucie,FL,Miami FL
Palm Beach,FL,Miami FL
Okeechobee,FL,Miami FL
Monroe,FL,Miami FL
Miami-Dade,FL,Miami FL
Martin,FL,Miami FL
Lee,FL,Miami FL
Indian River,FL,Miami FL
Hendry,FL,Miami FL
Glades,FL,Miami FL
Collier,FL,Miami FL
Charlotte,FL,Miami FL
Broward,FL,Miami FL
Zapata,TX,McAllen
Willacy,TX,McAllen
Webb,TX,McAllen
Victoria,TX,McAllen
Starr,TX,McAllen
San Patricio,TX,McAllen
Refugio,TX,McAllen
Nueces,TX,McAllen
Kleberg,TX,McAllen
Kenedy,TX,McAllen
Jim Wells,TX,McAllen
Jim Hogg,TX,McAllen
Hidalgo,TX,McAllen
Goliad,TX,McAllen
Duval,TX,McAllen
De Witt,TX,McAllen
Cameron,TX,McAllen
Calhoun,TX,McAllen
Brooks,TX,McAllen
Bee,TX,McAllen
Aransas,TX,McAllen
Windsor,VT,Manchester NH
Windham,VT,Manchester NH
Washington,VT,Manchester NH
Rutland,VT,Manchester NH
Orleans,VT,Manchester NH
Orange,VT,Manchester NH
Lamoille,VT,Manchester NH
Grand Isle,VT,Manchester NH
Franklin,VT,Manchester NH
Essex,VT,Manchester NH
Chittendon,VT,Manchester NH
Caledonia,VT,Manchester NH
Bennington,VT,Manchester NH
Addison,VT,Manchester NH
Sullivan,NH,Manchester NH
Strafford,NH,Manchester NH
Rockingham,NH,Manchester NH
Merrimack,NH,Manchester NH
Hillsborough,NH,Manchester NH
Grafton,NH,Manchester NH
Coos,NH,Manchester NH
Cheshire,NH,Manchester NH
Carroll,NH,Manchester NH
Belknap,NH,Manchester NH
York,ME,Manchester NH
Washington,ME,Manchester NH
Waldo,ME,Manchester NH
Somerset,ME,Manchester NH
Sagadohoc,ME,Manchester NH
Piscataquis,ME,Manchester NH
Penobscot,ME,Manchester NH
Oxford,ME,Manchester NH
Lincoln,ME,Manchester NH
Knox,ME,Manchester NH
Kennebec,ME,Manchester NH
Hancock,ME,Manchester NH
Franklin,ME,Manchester NH
Cumberland,ME,Manchester NH
Aroostook,ME,Manchester NH
Androscoggin,ME,Manchester NH
Woodford,KY,Louisville KY
Wolfe,KY,Louisville KY
Whitley,KY,Louisville KY
Webster,KY,Louisville KY
Wayne,KY,Louisville KY
Washington,KY,Louisville KY
Warren,KY,Louisville KY
Union,KY,Louisville KY
Trimble,KY,Louisville KY
Trigg,KY,Louisville KY
Todd,KY,Louisville KY
Taylor,KY,Louisville KY
Spencer,KY,Louisville KY
Simpson,KY,Louisville KY
Shelby,KY,Louisville KY
Scott,KY,Louisville KY
Russell,KY,Louisville KY
Rowan,KY,Louisville KY
Rockcastle,KY,Louisville KY
Robertson,KY,Louisville KY
Pulaski,KY,Louisville KY
Powell,KY,Louisville KY
Pike,KY,Louisville KY
Perry,KY,Louisville KY
Pendleton,KY,Louisville KY
Owsley,KY,Louisville KY
Owen,KY,Louisville KY
Oldham,KY,Louisville KY
Ohio,KY,Louisville KY
Nicholas,KY,Louisville KY
Nelson,KY,Louisville KY
Muhlenberg,KY,Louisville KY
Morgan,KY,Louisville KY
Montgomery,KY,Louisville KY
Monroe,KY,Louisville KY
Metcalfe,KY,Louisville KY
Mercer,KY,Louisville KY
Menifee,KY,Louisville KY
Meade,KY,Louisville KY
Mclean,KY,Louisville KY
Mccreary,KY,Louisville KY
Mccracken,KY,Louisville KY
Mason,KY,Louisville KY
Martin,KY,Louisville KY
Marshall,KY,Louisville KY
Marion,KY,Louisville KY
Magoffin,KY,Louisville KY
Madison,KY,Louisville KY
Lyon,KY,Louisville KY
Logan,KY,Louisville KY
Livingston,KY,Louisville KY
Lincoln,KY,Louisville KY
Lewis,KY,Louisville KY
Letcher,KY,Louisville KY
Leslie,KY,Louisville KY
Lee,KY,Louisville KY
Lawrence,KY,Louisville KY
Laurel,KY,Louisville KY
Larue,KY,Louisville KY
Knox,KY,Louisville KY
Knott,KY,Louisville KY
Kenton,KY,Louisville KY
Johnson,KY,Louisville KY
Jessamine,KY,Louisville KY
Jefferson,KY,Louisville KY
Jackson,KY,Louisville KY
Hopkins,KY,Louisville KY
Hickman,KY,Louisville KY
Henry,KY,Louisville KY
Henderson,KY,Louisville KY
Hart,KY,Louisville KY
Harrison,KY,Louisville KY
Harlan,KY,Louisville KY
Hardin,KY,Louisville KY
Hancock,KY,Louisville KY
Greenup,KY,Louisville KY
Green,KY,Louisville KY
Grayson,KY,Louisville KY
Graves,KY,Louisville KY
Grant,KY,Louisville KY
Garrard,KY,Louisville KY
Gallatin,KY,Louisville KY
Fulton,KY,Louisville KY
Franklin,KY,Louisville KY
Floyd,KY,Louisville KY
Fleming,KY,Louisville KY
Fayette,KY,Louisville KY
Estill,KY,Louisville KY
Elliott,KY,Louisville KY
Edmonson,KY,Louisville KY
Daviess,KY,Louisville KY
Cumberland,KY,Louisville KY
Crittenden,KY,Louisville KY
Clinton,KY,Louisville KY
Clay,KY,Louisville KY
Clark,KY,Louisville KY
Christian,KY,Louisville KY
Casey,KY,Louisville KY
Carter,KY,Louisville KY
Carroll,KY,Louisville KY
Carlisle,KY,Louisville KY
Campbell,KY,Louisville KY
Calloway,KY,Louisville KY
Caldwell,KY,Louisville KY
Butler,KY,Louisville KY
Bullitt,KY,Louisville KY
Breckinridge,KY,Louisville KY
Breathitt,KY,Louisville KY
Bracken,KY,Louisville KY
Boyle,KY,Louisville KY
Boyd,KY,Louisville KY
Bourbon,KY,Louisville KY
Boone,KY,Louisville KY
Bell,KY,Louisville KY
Bath,KY,Louisville KY
Barren,KY,Louisville KY
Ballard,KY,Louisville KY
Anderson,KY,Louisville KY
Allen,KY,Louisville KY
Adair,KY,Louisville KY
Ventura,CA,Los Angeles
Santa Barbara,CA,Los Angeles
San Luis Obispo,CA,Los Angeles
Los Angeles,CA,Los Angeles
Suffolk,NY,Long Island NY
Nassau,NY,Long Island NY
Yell,AR,Little Rock AR
Woodruff,AR,Little Rock AR
White,AR,Little Rock AR
Washington,AR,Little Rock AR
Van Buren,AR,Little Rock AR
Union,AR,Little Rock AR
Stone,AR,Little Rock AR
St Francis,AR,Little Rock AR
Sharp,AR,Little Rock AR
Sevier,AR,Little Rock AR
Sebastian,AR,Little Rock AR
Searcy,AR,Little Rock AR
Scott,AR,Little Rock AR
Saline,AR,Little Rock AR
Randolph,AR,Little Rock AR
Pulaski,AR,Little Rock AR
Prairie,AR,Little Rock AR
Pope,AR,Little Rock AR
Polk,AR,Little Rock AR
Poinsett,AR,Little Rock AR
Pike,AR,Little Rock AR
Phillips,AR,Little Rock AR
Perry,AR,Little Rock AR
Ouachita,AR,Little Rock AR
Newton,AR,Little Rock AR
Nevada,AR,Little Rock AR
Montgomery,AR,Little Rock AR
Monroe,AR,Little Rock AR
Mississippi,AR,Little Rock AR
Miller,AR,Little Rock AR
Marion,AR,Little Rock AR
Madison,AR,Little Rock AR
Lonoke,AR,Little Rock AR
Logan,AR,Little Rock AR
Little River,AR,Little Rock AR
Lincoln,AR,Little Rock AR
Lee,AR,Little Rock AR
Lawrence,AR,Little Rock AR
Lafayette,AR,Little Rock AR
Johnson,AR,Little Rock AR
Jefferson,AR,Little Rock AR
Jackson,AR,Little Rock AR
Izard,AR,Little Rock AR
Independence,AR,Little Rock AR
Howard,AR,Little Rock AR
Hot Spring,AR,Little Rock AR
Hempstead,AR,Little Rock AR
Greene,AR,Little Rock AR
Grant,AR,Little Rock AR
Garland,AR,Little Rock AR
Fulton,AR,Little Rock AR
Franklin,AR,Little Rock AR
Faulkner,AR,Little Rock AR
Drew,AR,Little Rock AR
Desha,AR,Little Rock AR
Dallas,AR,Little Rock AR
Cross,AR,Little Rock AR
Crittenden,AR,Little Rock AR
Crawford,AR,Little Rock AR
Craighead,AR,Little Rock AR
Conway,AR,Little Rock AR
Columbia,AR,Little Rock AR
Cleveland,AR,Little Rock AR
Cleburne,AR,Little Rock AR
Clay,AR,Little Rock AR
Clark,AR,Little Rock AR
Chicot,AR,Little Rock AR
Carroll,AR,Little Rock AR
Calhoun,AR,Little Rock AR
Bradley,AR,Little Rock AR
Boone,AR,Little Rock AR
Benton,AR,Little Rock AR
Baxter,AR,Little Rock AR
Ashley,AR,Little Rock AR
Arkansas,AR,Little Rock AR
White Pine,NV,Las Vegas
Washoe,NV,Las Vegas
Storey,NV,Las Vegas
Saipan,NV,Las Vegas
Pershing,NV,Las Vegas
Nye,NV,Las Vegas
Mineral,NV,Las Vegas
Lyon,NV,Las Vegas
Lincoln,NV,Las Vegas
Lander,NV,Las Vegas
Humboldt,NV,Las Vegas
Eureka,NV,Las Vegas
Esmeralda,NV,Las Vegas
Elko,NV,Las Vegas
Douglas,NV,Las Vegas
Clark,NV,Las Vegas
Churchill,NV,Las Vegas
Carson City,NV,Las Vegas
Wright,MO,Kansas City KS
Worth,MO,Kansas City KS
Webster,MO,Kansas City KS
Vernon,MO,Kansas City KS
Taney,MO,Kansas City KS
Sullivan,MO,Kansas City KS
Stone,MO,Kansas City KS
Schuyler,MO,Kansas City KS
Saline,MO,Kansas City KS
Ray,MO,Kansas City KS
Putnam,MO,Kansas City KS
Polk,MO,Kansas City KS
Platte,MO,Kansas City KS
Pettis,MO,Kansas City KS
Ozark,MO,Kansas City KS
Nodaway,MO,Kansas City KS
Newton,MO,Kansas City KS
Mercer,MO,Kansas City KS
Mcdonald,MO,Kansas City KS
Macon,MO,Kansas City KS
Livingston,MO,Kansas City KS
Linn,MO,Kansas City KS
Lawrence,MO,Kansas City KS
Lafayette,MO,Kansas City KS
Laclede,MO,Kansas City KS
Johnson,MO,Kansas City KS
Jasper,MO,Kansas City KS
Jackson,MO,Kansas City KS
Holt,MO,Kansas City KS
Hickory,MO,Kansas City KS
Henry,MO,Kansas City KS
Harrison,MO,Kansas City KS
Grundy,MO,Kansas City KS
Greene,MO,Kansas City KS
Gentry,MO,Kansas City KS
Douglas,MO,Kansas City KS
De Kalb,MO,Kansas City KS
Daviess,MO,Kansas City KS
Dallas,MO,Kansas City KS
Dade,MO,Kansas City KS
Clinton,MO,Kansas City KS
Clay,MO,Kansas City KS
Christian,MO,Kansas City KS
Chariton,MO,Kansas City KS
Cedar,MO,Kansas City KS
Cass,MO,Kansas City KS
Carroll,MO,Kansas City KS
Caldwell,MO,Kansas City KS
Buchanan,MO,Kansas City KS
Benton,MO,Kansas City KS
Bates,MO,Kansas City KS
Barton,MO,Kansas City KS
Barry,MO,Kansas City KS
Atchison,MO,Kansas City KS
Andrew,MO,Kansas City KS
Adair,MO,Kansas City KS
Wyandotte,KS,Kansas City KS
Woodson,KS,Kansas City KS
Wilson,KS,Kansas City KS
Wichita,KS,Kansas City KS
Washington,KS,Kansas City KS
Wallace,KS,Kansas City KS
Wabaunsee,KS,Kansas City KS
Trego,KS,Kansas City KS
Thomas,KS,Kansas City KS
Sumner,KS,Kansas City KS
Stevens,KS,Kansas City KS
Stanton,KS,Kansas City KS
Stafford,KS,Kansas City KS
Smith,KS,Kansas City KS
Sherman,KS,Kansas City KS
Sheridan,KS,Kansas City KS
Shawnee,KS,Kansas City KS
Seward,KS,Kansas City KS
Sedgwick,KS,Kansas City KS
Scott,KS,Kansas City KS
Saline,KS,Kansas City KS
Russell,KS,Kansas City KS
Rush,KS,Kansas City KS
Rooks,KS,Kansas City KS
Riley,KS,Kansas City KS
Rice,KS,Kansas City KS
Republic,KS,Kansas City KS
Reno,KS,Kansas City KS
Rawlins,KS,Kansas City KS
Pratt,KS,Kansas City KS
Pottawatomie,KS,Kansas City KS
Phillips,KS,Kansas City KS
Pawnee,KS,Kansas City KS
Ottawa,KS,Kansas City KS
Osborne,KS,Kansas City KS
Osage,KS,Kansas City KS
Norton,KS,Kansas City KS
Ness,KS,Kansas City KS
Neosho,KS,Kansas City KS
Nemaha,KS,Kansas City KS
Morton,KS,Kansas City KS
Morris,KS,Kansas City KS
Montgomery,KS,Kansas City KS
Mitchell,KS,Kansas City KS
Miami,KS,Kansas City KS
Meade,KS,Kansas City KS
Mcpherson,KS,Kansas City KS
Marshall,KS,Kansas City KS
Marion,KS,Kansas City KS
Lyon,KS,Kansas City KS
Logan,KS,Kansas City KS
Linn,KS,Kansas City KS
Lincoln,KS,Kansas City KS
Leavenworth,KS,Kansas City KS
Lane,KS,Kansas City KS
Labette,KS,Kansas City KS
Kiowa,KS,Kansas City KS
Kingman,KS,Kansas City KS
Kearny,KS,Kansas City KS
Johnson,KS,Kansas City KS
Jewell,KS,Kansas City KS
Jefferson,KS,Kansas City KS
Jackson,KS,Kansas City KS
Hodgeman,KS,Kansas City KS
Haskell,KS,Kansas City KS
Harvey,KS,Kansas City KS
Harper,KS,Kansas City KS
Hamilton,KS,Kansas City KS
Greenwood,KS,Kansas City KS
Greeley,KS,Kansas City KS
Gray,KS,Kansas City KS
Grant,KS,Kansas City KS
Graham,KS,Kansas City KS
Gove,KS,Kansas City KS
Geary,KS,Kansas City KS
Franklin,KS,Kansas City KS
Ford,KS,Kansas City KS
Finney,KS,Kansas City KS
Ellsworth,KS,Kansas City KS
Ellis,KS,Kansas City KS
Elk,KS,Kansas City KS
Edwards,KS,Kansas City KS
Douglas,KS,Kansas City KS
Doniphan,KS,Kansas City KS
Dickinson,KS,Kansas City KS
Decatur,KS,Kansas City KS
Crawford,KS,Kansas City KS
Cowley,KS,Kansas City KS
Comanche,KS,Kansas City KS
Coffey,KS,Kansas City KS
Cloud,KS,Kansas City KS
Clay,KS,Kansas City KS
Clark,KS,Kansas City KS
Cheyenne,KS,Kansas City KS
Cherokee,KS,Kansas City KS
Chautauqua,KS,Kansas City KS
Chase,KS,Kansas City KS
Butler,KS,Kansas City KS
Brown,KS,Kansas City KS
Bourbon,KS,Kansas City KS
Barton,KS,Kansas City KS
Barber,KS,Kansas City KS
Atchison,KS,Kansas City KS
Anderson,KS,Kansas City KS
Allen,KS,Kansas City KS
Washington,FL,Jacksonville FL
Walton,FL,Jacksonville FL
Wakulla,FL,Jacksonville FL
Volusia,FL,Jacksonville FL
Union,FL,Jacksonville FL
Taylor,FL,Jacksonville FL
Suwannee,FL,Jacksonville FL
St Johns,FL,Jacksonville FL
Seminole,FL,Jacksonville FL
Santa Rosa,FL,Jacksonville FL
Putnam,FL,Jacksonville FL
Osceola,FL,Jacksonville FL
Orange,FL,Jacksonville FL
Okaloosa,FL,Jacksonville FL
Nassau,FL,Jacksonville FL
Marion,FL,Jacksonville FL
Madison,FL,Jacksonville FL
Liberty,FL,Jacksonville FL
Levy,FL,Jacksonville FL
Leon,FL,Jacksonville FL
Lafayette,FL,Jacksonville FL
Jefferson,FL,Jacksonville FL
Jackson,FL,Jacksonville FL
Holmes,FL,Jacksonville FL
Hamilton,FL,Jacksonville FL
Gulf,FL,Jacksonville FL
Gilchrist,FL,Jacksonville FL
Gadsden,FL,Jacksonville FL
Franklin,FL,Jacksonville FL
Flagler,FL,Jacksonville FL
Escambia,FL,Jacksonville FL
Duval,FL,Jacksonville FL
Dixie,FL,Jacksonville FL
Columbia,FL,Jacksonville FL
Clay,FL,Jacksonville FL
Calhoun,FL,Jacksonville FL
Brevard,FL,Jacksonville FL
Bradford,FL,Jacksonville FL
Bay,FL,Jacksonville FL
Baker,FL,Jacksonville FL
Alachua,FL,Jacksonville FL
Whitley,IN,Indianapolis IN
White,IN,Indianapolis IN
Wells,IN,Indianapolis IN
Wayne,IN,Indianapolis IN
Washington,IN,Indianapolis IN
Warrick,IN,Indianapolis IN
Warren,IN,Indianapolis IN
Wabash,IN,Indianapolis IN
Vigo,IN,Indianapolis IN
Vermillion,IN,Indianapolis IN
Vanderburgh,IN,Indianapolis IN
Union,IN,Indianapolis IN
Tipton,IN,Indianapolis IN
Tippecanoe,IN,Indianapolis IN
Switzerland,IN,Indianapolis IN
Sullivan,IN,Indianapolis IN
Steuben,IN,Indianapolis IN
Starke,IN,Indianapolis IN
St Joseph,IN,Indianapolis IN
Spencer,IN,Indianapolis IN
Shelby,IN,Indianapolis IN
Scott,IN,Indianapolis IN
Rush,IN,Indianapolis IN
Ripley,IN,Indianapolis IN
Randolph,IN,Indianapolis IN
Putnam,IN,Indianapolis IN
Pulaski,IN,Indianapolis IN
Posey,IN,Indianapolis IN
Porter,IN,Indianapolis IN
Pike,IN,Indianapolis IN
Perry,IN,Indianapolis IN
Parke,IN,Indianapolis IN
Owen,IN,Indianapolis IN
Orange,IN,Indianapolis IN
Ohio,IN,Indianapolis IN
Noble,IN,Indianapolis IN
Newton,IN,Indianapolis IN
Morgan,IN,Indianapolis IN
Montgomery,IN,Indianapolis IN
Monroe,IN,Indianapolis IN
Miami,IN,Indianapolis IN
Martin,IN,Indianapolis IN
Marshall,IN,Indianapolis IN
Marion,IN,Indianapolis IN
Madison,IN,Indianapolis IN
Lawrence,IN,Indianapolis IN
Lake,IN,Indianapolis IN
Lagrange,IN,Indianapolis IN
La Porte,IN,Indianapolis IN
Kosciusko,IN,Indianapolis IN
Knox,IN,Indianapolis IN
Johnson,IN,Indianapolis IN
Jennings,IN,Indianapolis IN
Jefferson,IN,Indianapolis IN
Jay,IN,Indianapolis IN
Jasper,IN,Indianapolis IN
Jackson,IN,Indianapolis IN
Huntington,IN,Indianapolis IN
Howard,IN,Indianapolis IN
Henry,IN,Indianapolis IN
Hendricks,IN,Indianapolis IN
Harrison,IN,Indianapolis IN
Hancock,IN,Indianapolis IN
Hamilton,IN,Indianapolis IN
Greene,IN,Indianapolis IN
Grant,IN,Indianapolis IN
Gibson,IN,Indianapolis IN
Fulton,IN,Indianapolis IN
Franklin,IN,Indianapolis IN
Fountain,IN,Indianapolis IN
Floyd,IN,Indianapolis IN
Fayette,IN,Indianapolis IN
Elkhart,IN,Indianapolis IN
Dubois,IN,Indianapolis IN
Delaware,IN,Indianapolis IN
Decatur,IN,Indianapolis IN
Dearborn,IN,Indianapolis IN
De Kalb,IN,Indianapolis IN
Daviess,IN,Indianapolis IN
Crawford,IN,Indianapolis IN
Clinton,IN,Indianapolis IN
Clay,IN,Indianapolis IN
Clark,IN,Indianapolis IN
Cass,IN,Indianapolis IN
Carroll,IN,Indianapolis IN
Brown,IN,Indianapolis IN
Boone,IN,Indianapolis IN
Blackford,IN,Indianapolis IN
Benton,IN,Indianapolis IN
Bartholomew,IN,Indianapolis IN
Allen,IN,Indianapolis IN
Adams,IN,Indianapolis IN
Wharton,TX,Houston TX
Washington,TX,Houston TX
Waller,TX,Houston TX
Walker,TX,Houston TX
Robertson,TX,Houston TX
Montgomery,TX,Houston TX
Milam,TX,Houston TX
Matagorda,TX,Houston TX
Madison,TX,Houston TX
Leon,TX,Houston TX
Lee,TX,Houston TX
Lavaca,TX,Houston TX
Jackson,TX,Houston TX
Harris,TX,Houston TX
Grimes,TX,Houston TX
Fort Bend,TX,Houston TX
Fayette,TX,Houston TX
Colorado,TX,Houston TX
Burleson,TX,Houston TX
Brazos,TX,Houston TX
Austin,TX,Houston TX
Maui,HI,Honolulu
Kauai,HI,Honolulu
Kalawao,HI,Honolulu
Honolulu,HI,Honolulu
Hawaii,HI,Honolulu
Washington,RI,Hartford CT
Providence,RI,Hartford CT
Newport,RI,Hartford CT
Kent,RI,Hartford CT
Bristol,RI,Hartford CT
Windham,CT,Hartford CT
Tolland,CT,Hartford CT
New London,CT,Hartford CT
New Haven,CT,Hartford CT
Middlesex,CT,Hartford CT
Litchfield,CT,Hartford CT
Hartford,CT,Hartford CT
Fairfield,CT,Hartford CT
Wexford,MI,Grand Rapids MI
Van Buren,MI,Grand Rapids MI
St Joseph,MI,Grand Rapids MI
Schoolcraft,MI,Grand Rapids MI
Roscommon,MI,Grand Rapids MI
Presque Isle,MI,Grand Rapids MI
Ottawa,MI,Grand Rapids MI
Otsego,MI,Grand Rapids MI
Oscoda,MI,Grand Rapids MI
Osceola,MI,Grand Rapids MI
Ontonagon,MI,Grand Rapids MI
Oceana,MI,Grand Rapids MI
Newaygo,MI,Grand Rapids MI
Muskegon,MI,Grand Rapids MI
Montmorency,MI,Grand Rapids MI
Montcalm,MI,Grand Rapids MI
Missaukee,MI,Grand Rapids MI
Menominee,MI,Grand Rapids MI
Mecosta,MI,Grand Rapids MI
Mason,MI,Grand Rapids MI
Marquette,MI,Grand Rapids MI
Manistee,MI,Grand Rapids MI
Mackinac,MI,Grand Rapids MI
Luce,MI,Grand Rapids MI
Leelanau,MI,Grand Rapids MI
Lake,MI,Grand Rapids MI
Keweenaw,MI,Grand Rapids MI
Kent,MI,Grand Rapids MI
Kalkaska,MI,Grand Rapids MI
Kalamazoo,MI,Grand Rapids MI
Jackson,MI,Grand Rapids MI
Isabella,MI,Grand Rapids MI
Iron,MI,Grand Rapids MI
Ionia,MI,Grand Rapids MI
Ingham,MI,Grand Rapids MI
Houghton,MI,Grand Rapids MI
Hillsdale,MI,Grand Rapids MI
Gratiot,MI,Grand Rapids MI
Grand Traverse,MI,Grand Rapids MI
Gogebic,MI,Grand Rapids MI
Emmet,MI,Grand Rapids MI
Eaton,MI,Grand Rapids MI
Dickinson,MI,Grand Rapids MI
Delta,MI,Grand Rapids MI
Crawford,MI,Grand Rapids MI
Clinton,MI,Grand Rapids MI
Clare,MI,Grand Rapids MI
Chippewa,MI,Grand Rapids MI
Cheboygan,MI,Grand Rapids MI
Charlevoix,MI,Grand Rapids MI
Cass,MI,Grand Rapids MI
Calhoun,MI,Grand Rapids MI
Branch,MI,Grand Rapids MI
Berrien,MI,Grand Rapids MI
Benzie,MI,Grand Rapids MI
Barry,MI,Grand Rapids MI
Baraga,MI,Grand Rapids MI
Antrim,MI,Grand Rapids MI
Alpena,MI,Grand Rapids MI
Allegan,MI,Grand Rapids MI
Alger,MI,Grand Rapids MI
Alcona,MI,Grand Rapids MI
Wayne,MI,Detroit MI
Washtenaw,MI,Detroit MI
Tuscola,MI,Detroit MI
St Clair,MI,Detroit MI
Shiawassee,MI,Detroit MI
Sanilac,MI,Detroit MI
Saginaw,MI,Detroit MI
Ogemaw,MI,Detroit MI
Oakland,MI,Detroit MI
Monroe,MI,Detroit MI
Midland,MI,Detroit MI
Macomb,MI,Detroit MI
Livingston,MI,Detroit MI
Lenawee,MI,Detroit MI
Lapeer,MI,Detroit MI
Iosco,MI,Detroit MI
Huron,MI,Detroit MI
Gladwin,MI,Detroit MI
Genesee,MI,Detroit MI
Bay,MI,Detroit MI
Arenac,MI,Detroit MI
York,NE,Des Moines IA
Wheeler,NE,Des Moines IA
Webster,NE,Des Moines IA
Wayne,NE,Des Moines IA
Washington,NE,Des Moines IA
Valley,NE,Des Moines IA
Thurston,NE,Des Moines IA
Thomas,NE,Des Moines IA
Thayer,NE,Des Moines IA
Stanton,NE,Des Moines IA
Sioux,NE,Des Moines IA
Sherman,NE,Des Moines IA
Sheridan,NE,Des Moines IA
Seward,NE,Des Moines IA
Scotts Bluff,NE,Des Moines IA
Saunders,NE,Des Moines IA
Sarpy,NE,Des Moines IA
Saline,NE,Des Moines IA
Rock,NE,Des Moines IA
Richardson,NE,Des Moines IA
Red Willow,NE,Des Moines IA
Polk,NE,Des Moines IA
Platte,NE,Des Moines IA
Pierce,NE,Des Moines IA
Phelps,NE,Des Moines IA
Perkins,NE,Des Moines IA
Pawnee,NE,Des Moines IA
Otoe,NE,Des Moines IA
Nuckolls,NE,Des Moines IA
Nemaha,NE,Des Moines IA
Nance,NE,Des Moines IA
Morrill,NE,Des Moines IA
Merrick,NE,Des Moines IA
Mcpherson,NE,Des Moines IA
Madison,NE,Des Moines IA
Loup,NE,Des Moines IA
Logan,NE,Des Moines IA
Lincoln,NE,Des Moines IA
Lancaster,NE,Des Moines IA
Knox,NE,Des Moines IA
Kimball,NE,Des Moines IA
Keya Paha,NE,Des Moines IA
Keith,NE,Des Moines IA
Kearney,NE,Des Moines IA
Johnson,NE,Des Moines IA
Jefferson,NE,Des Moines IA
Howard,NE,Des Moines IA
Hooker,NE,Des Moines IA
Holt,NE,Des Moines IA
Hitchcock,NE,Des Moines IA
Hayes,NE,Des Moines IA
Harlan,NE,Des Moines IA
Hamilton,NE,Des Moines IA
Hall,NE,Des Moines IA
Greeley,NE,Des Moines IA
Grant,NE,Des Moines IA
Gosper,NE,Des Moines IA
Garfield,NE,Des Moines IA
Garden,NE,Des Moines IA
Gage,NE,Des Moines IA
Furnas,NE,Des Moines IA
Frontier,NE,Des Moines IA
Franklin,NE,Des Moines IA
Fillmore,NE,Des Moines IA
Dundy,NE,Des Moines IA
Douglas,NE,Des Moines IA
Dodge,NE,Des Moines IA
Dixon,NE,Des Moines IA
Deuel,NE,Des Moines IA
Dawson,NE,Des Moines IA
Dawes,NE,Des Moines IA
Dakota,NE,Des Moines IA
Custer,NE,Des Moines IA
Cuming,NE,Des Moines IA
Colfax,NE,Des Moines IA
Clay,NE,Des Moines IA
Cheyenne,NE,Des Moines IA
Cherry,NE,Des Moines IA
Chase,NE,Des Moines IA
Cedar,NE,Des Moines IA
Cass,NE,Des Moines IA
Butler,NE,Des Moines IA
Burt,NE,Des Moines IA
Buffalo,NE,Des Moines IA
Brown,NE,Des Moines IA
Boyd,NE,Des Moines IA
Box Butte,NE,Des Moines IA
Boone,NE,Des Moines IA
Blaine,NE,Des Moines IA
Banner,NE,Des Moines IA
Arthur,NE,Des Moines IA
Antelope,NE,Des Moines IA
Adams,NE,Des Moines IA
Wright,IA,Des Moines IA
Worth,IA,Des Moines IA
Woodbury,IA,Des Moines IA
Winneshiek,IA,Des Moines IA
Winnebago,IA,Des Moines IA
Webster,IA,Des Moines IA
Wayne,IA,Des Moines IA
Washington,IA,Des Moines IA
Warren,IA,Des Moines IA
Wapello,IA,Des Moines IA
Van Buren,IA,Des Moines IA
Union,IA,Des Moines IA
Taylor,IA,Des Moines IA
Tama,IA,Des Moines IA
Story,IA,Des Moines IA
Sioux,IA,Des Moines IA
Shelby,IA,Des Moines IA
Scott,IA,Des Moines IA
Sac,IA,Des Moines IA
Ringgold,IA,Des Moines IA
Poweshiek,IA,Des Moines IA
Pottawattamie,IA,Des Moines IA
Polk,IA,Des Moines IA
Pocahontas,IA,Des Moines IA
Plymouth,IA,Des Moines IA
Palo Alto,IA,Des Moines IA
Page,IA,Des Moines IA
Osceola,IA,Des Moines IA
Obrien,IA,Des Moines IA
Muscatine,IA,Des Moines IA
Montgomery,IA,Des Moines IA
Monroe,IA,Des Moines IA
Monona,IA,Des Moines IA
Mitchell,IA,Des Moines IA
Mills,IA,Des Moines IA
Marshall,IA,Des Moines IA
Marion,IA,Des Moines IA
Mahaska,IA,Des Moines IA
Madison,IA,Des Moines IA
Lyon,IA,Des Moines IA
Lucas,IA,Des Moines IA
Louisa,IA,Des Moines IA
Linn,IA,Des Moines IA
Lee,IA,Des Moines IA
Kossuth,IA,Des Moines IA
Keokuk,IA,Des Moines IA
Jones,IA,Des Moines IA
Johnson,IA,Des Moines IA
Jefferson,IA,Des Moines IA
Jasper,IA,Des Moines IA
Jackson,IA,Des Moines IA
Iowa,IA,Des Moines IA
Ida,IA,Des Moines IA
Humboldt,IA,Des Moines IA
Howard,IA,Des Moines IA
Henry,IA,Des Moines IA
Harrison,IA,Des Moines IA
Hardin,IA,Des Moines IA
Hancock,IA,Des Moines IA
Hamilton,IA,Des Moines IA
Guthrie,IA,Des Moines IA
Grundy,IA,Des Moines IA
Greene,IA,Des Moines IA
Fremont,IA,Des Moines IA
Franklin,IA,Des Moines IA
Floyd,IA,Des Moines IA
Fayette,IA,Des Moines IA
Emmet,IA,Des Moines IA
Dubuque,IA,Des Moines IA
Dickinson,IA,Des Moines IA
Des Moines,IA,Des Moines IA
Delaware,IA,Des Moines IA
Decatur,IA,Des Moines IA
Davis,IA,Des Moines IA
Dallas,IA,Des Moines IA
Crawford,IA,Des Moines IA
Clinton,IA,Des Moines IA
Clayton,IA,Des Moines IA
Clay,IA,Des Moines IA
Clarke,IA,Des Moines IA
Chickasaw,IA,Des Moines IA
Cherokee,IA,Des Moines IA
Cerro Cordo,IA,Des Moines IA
Cedar,IA,Des Moines IA
Cass,IA,Des Moines IA
Carroll,IA,Des Moines IA
Calhoun,IA,Des Moines IA
Butler,IA,Des Moines IA
Buena Vista,IA,Des Moines IA
Buchanan,IA,Des Moines IA
Bremer,IA,Des Moines IA
Boone,IA,Des Moines IA
Black Hawk,IA,Des Moines IA
Benton,IA,Des Moines IA
Audubon,IA,Des Moines IA
Appanoose,IA,Des Moines IA
Allamakee,IA,Des Moines IA
Adams,IA,Des Moines IA
Adair,IA,Des Moines IA
Ziebach,SD,Denver CO
Yankton,SD,Denver CO
Walworth,SD,Denver CO
Union,SD,Denver CO
Turner,SD,Denver CO
Tripp,SD,Denver CO
Todd,SD,Denver CO
Sully,SD,Denver CO
Stanley,SD,Denver CO
Spink,SD,Denver CO
Shannon,SD,Denver CO
Sanborn,SD,Denver CO
Roberts,SD,Denver CO
Potter,SD,Denver CO
Perkins,SD,Denver CO
Pennington,SD,Denver CO
Moody,SD,Denver CO
Minnehaha,SD,Denver CO
Miner,SD,Denver CO
Mellette,SD,Denver CO
Meade,SD,Denver CO
Mcpherson,SD,Denver CO
Mccook,SD,Denver CO
Marshall,SD,Denver CO
Lyman,SD,Denver CO
Lincoln,SD,Denver CO
Lawrence,SD,Denver CO
Lake,SD,Denver CO
Kingsbury,SD,Denver CO
Jones,SD,Denver CO
Jerauld,SD,Denver CO
Jackson,SD,Denver CO
Hyde,SD,Denver CO
Hutchinson,SD,Denver CO
Hughes,SD,Denver CO
Harding,SD,Denver CO
Hanson,SD,Denver CO
Hand,SD,Denver CO
Hamlin,SD,Denver CO
Haakon,SD,Denver CO
Gregory,SD,Denver CO
Grant,SD,Denver CO
Faulk,SD,Denver CO
Fall River,SD,Denver CO
Edmunds,SD,Denver CO
Douglas,SD,Denver CO
Dewey,SD,Denver CO
Deuel,SD,Denver CO
Day,SD,Denver CO
Davison,SD,Denver CO
Custer,SD,Denver CO
Corson,SD,Denver CO
Codington,SD,Denver CO
Clay,SD,Denver CO
Clark,SD,Denver CO
Charles Mix,SD,Denver CO
Campbell,SD,Denver CO
Butte,SD,Denver CO
Buffalo,SD,Denver CO
Brule,SD,Denver CO
Brown,SD,Denver CO
Brookings,SD,Denver CO
Bon Homme,SD,Denver CO
Bennett,SD,Denver CO
Beadle,SD,Denver CO
Aurora,SD,Denver CO
Williams,ND,Denver CO
Wells,ND,Denver CO
Ward,ND,Denver CO
Walsh,ND,Denver CO
Traill,ND,Denver CO
Towner,ND,Denver CO
Stutsman,ND,Denver CO
Steele,ND,Denver CO
Stark,ND,Denver CO
Slope,ND,Denver CO
Sioux,ND,Denver CO
Sheridan,ND,Denver CO
Sargent,ND,Denver CO
Rolette,ND,Denver CO
Richland,ND,Denver CO
Renville,ND,Denver CO
Ransom,ND,Denver CO
Ramsey,ND,Denver CO
Pierce,ND,Denver CO
Pembina,ND,Denver CO
Oliver,ND,Denver CO
Nelson,ND,Denver CO
Mountrail,ND,Denver CO
Morton,ND,Denver CO
Mercer,ND,Denver CO
Mclean,ND,Denver CO
Mckenzie,ND,Denver CO
Mcintosh,ND,Denver CO
Mchenry,ND,Denver CO
Logan,ND,Denver CO
La Moure,ND,Denver CO
Kidder,ND,Denver CO
Hettinger,ND,Denver CO
Griggs,ND,Denver CO
Grant,ND,Denver CO
Grand Forks,ND,Denver CO
Golden Valley,ND,Denver CO
Foster,ND,Denver CO
Emmons,ND,Denver CO
Eddy,ND,Denver CO
Dunn,ND,Denver CO
Divide,ND,Denver CO
Dickey,ND,Denver CO
Cavalier,ND,Denver CO
Cass,ND,Denver CO
Burleigh,ND,Denver CO
Burke,ND,Denver CO
Bowman,ND,Denver CO
Bottineau,ND,Denver CO
Billings,ND,Denver CO
Benson,ND,Denver CO
Barnes,ND,Denver CO
Adams,ND,Denver CO
Yuma,CO,Denver CO
Weld,CO,Denver CO
Washington,CO,Denver CO
Teller,CO,Denver CO
Summit,CO,Denver CO
Sedgwick,CO,Denver CO
San Miguel,CO,Denver CO
San Juan,CO,Denver CO
Saguache,CO,Denver CO
Routt,CO,Denver CO
Rio Grande,CO,Denver CO
Rio Blanco,CO,Denver CO
Pueblo,CO,Denver CO
Prowers,CO,Denver CO
Pitkin,CO,Denver CO
Phillips,CO,Denver CO
Park,CO,Denver CO
Ouray,CO,Denver CO
Otero,CO,Denver CO
Morgan,CO,Denver CO
Montrose,CO,Denver CO
Montezuma,CO,Denver CO
Moffat,CO,Denver CO
Mineral,CO,Denver CO
Mesa,CO,Denver CO
Logan,CO,Denver CO
Lincoln,CO,Denver CO
Las Animas,CO,Denver CO
Larimer,CO,Denver CO
Lake,CO,Denver CO
La Plata,CO,Denver CO
Kit Carson,CO,Denver CO
Kiowa,CO,Denver CO
Jefferson,CO,Denver CO
Jackson,CO,Denver CO
Huerfano,CO,Denver CO
Hinsdale,CO,Denver CO
Gunnison,CO,Denver CO
Grand,CO,Denver CO
Gilpin,CO,Denver CO
Garfield,CO,Denver CO
Fremont,CO,Denver CO
Elbert,CO,Denver CO
El Paso,CO,Denver CO
Eagle,CO,Denver CO
Douglas,CO,Denver CO
Dolores,CO,Denver CO
Denver,CO,Denver CO
Delta,CO,Denver CO
Custer,CO,Denver CO
Crowley,CO,Denver CO
Costilla,CO,Denver CO
Conejos,CO,Denver CO
Clear Creek,CO,Denver CO
Cheyenne,CO,Denver CO
Chaffee,CO,Denver CO
Broomfield,CO,Denver CO
Boulder,CO,Denver CO
Bent,CO,Denver CO
Baca,CO,Denver CO
Archuleta,CO,Denver CO
Arapahoe,CO,Denver CO
Alamosa,CO,Denver CO
Adams,CO,Denver CO
Young,TX,Dallas TX
Wood,TX,Dallas TX
Wise,TX,Dallas TX
Wilbarger,TX,Dallas TX
Wichita,TX,Dallas TX
Van Zandt,TX,Dallas TX
Upshur,TX,Dallas TX
Titus,TX,Dallas TX
Throckmorton,TX,Dallas TX
Taylor,TX,Dallas TX
Tarrant,TX,Dallas TX
Stephens,TX,Dallas TX
Somervell,TX,Dallas TX
Smith,TX,Dallas TX
Shackelford,TX,Dallas TX
Rusk,TX,Dallas TX
Runnels,TX,Dallas TX
Rockwall,TX,Dallas TX
Red River,TX,Dallas TX
Rains,TX,Dallas TX
Parker,TX,Dallas TX
Panola,TX,Dallas TX
Palo Pinto,TX,Dallas TX
Nolan,TX,Dallas TX
Navarro,TX,Dallas TX
Morris,TX,Dallas TX
Montague,TX,Dallas TX
Marion,TX,Dallas TX
Lamar,TX,Dallas TX
Knox,TX,Dallas TX
Kaufman,TX,Dallas TX
Jones,TX,Dallas TX
Johnson,TX,Dallas TX
Jack,TX,Dallas TX
Hunt,TX,Dallas TX
Hopkins,TX,Dallas TX
Hood,TX,Dallas TX
Hill,TX,Dallas TX
Henderson,TX,Dallas TX
Haskell,TX,Dallas TX
Harrison,TX,Dallas TX
Hardeman,TX,Dallas TX
Gregg,TX,Dallas TX
Grayson,TX,Dallas TX
Freestone,TX,Dallas TX
Franklin,TX,Dallas TX
Foard,TX,Dallas TX
Fannin,TX,Dallas TX
Erath,TX,Dallas TX
Ellis,TX,Dallas TX
Eastland,TX,Dallas TX
Denton,TX,Dallas TX
Delta,TX,Dallas TX
Dallas,TX,Dallas TX
Cooke,TX,Dallas TX
Comanche,TX,Dallas TX
Collin,TX,Dallas TX
Coleman,TX,Dallas TX
Clay,TX,Dallas TX
Cherokee,TX,Dallas TX
Cass,TX,Dallas TX
Camp,TX,Dallas TX
Callahan,TX,Dallas TX
Brown,TX,Dallas TX
Bowie,TX,Dallas TX
Baylor,TX,Dallas TX
Archer,TX,Dallas TX
Anderson,TX,Dallas TX
Wyandot,OH,Columbus OH
Wood,OH,Columbus OH
Williams,OH,Columbus OH
Wayne,OH,Columbus OH
Washington,OH,Columbus OH
Warren,OH,Columbus OH
Vinton,OH,Columbus OH
Van Wert,OH,Columbus OH
Union,OH,Columbus OH
Tuscarawas,OH,Columbus OH
Trumbull,OH,Columbus OH
Summit,OH,Columbus OH
Stark,OH,Columbus OH
Shelby,OH,Columbus OH
Seneca,OH,Columbus OH
Scioto,OH,Columbus OH
Sandusky,OH,Columbus OH
Ross,OH,Columbus OH
Richland,OH,Columbus OH
Putnam,OH,Columbus OH
Preble,OH,Columbus OH
Portage,OH,Columbus OH
Pike,OH,Columbus OH
Pickaway,OH,Columbus OH
Perry,OH,Columbus OH
Paulding,OH,Columbus OH
Ottawa,OH,Columbus OH
Noble,OH,Columbus OH
Muskingum,OH,Columbus OH
Morrow,OH,Columbus OH
Morgan,OH,Columbus OH
Montgomery,OH,Columbus OH
Monroe,OH,Columbus OH
Miami,OH,Columbus OH
Mercer,OH,Columbus OH
Meigs,OH,Columbus OH
Medina,OH,Columbus OH
Marion,OH,Columbus OH
Mahoning,OH,Columbus OH
Madison,OH,Columbus OH
Lucas,OH,Columbus OH
Lorain,OH,Columbus OH
Logan,OH,Columbus OH
Licking,OH,Columbus OH
Lawrence,OH,Columbus OH
Lake,OH,Columbus OH
Knox,OH,Columbus OH
Jefferson,OH,Columbus OH
Jackson,OH,Columbus OH
Huron,OH,Columbus OH
Holmes,OH,Columbus OH
Hocking,OH,Columbus OH
Highland,OH,Columbus OH
Henry,OH,Columbus OH
Harrison,OH,Columbus OH
Hardin,OH,Columbus OH
Hancock,OH,Columbus OH
Hamilton,OH,Columbus OH
Guernsey,OH,Columbus OH
Greene,OH,Columbus OH
Geauga,OH,Columbus OH
Gallia,OH,Columbus OH
Fulton,OH,Columbus OH
Franklin,OH,Columbus OH
Fayette,OH,Columbus OH
Fairfield,OH,Columbus OH
Erie,OH,Columbus OH
Delaware,OH,Columbus OH
Defiance,OH,Columbus OH
Darke,OH,Columbus OH
Cuyahoga,OH,Columbus OH
Crawford,OH,Columbus OH
Coshocton,OH,Columbus OH
Columbiana,OH,Columbus OH
Clinton,OH,Columbus OH
Clermont,OH,Columbus OH
Clark,OH,Columbus OH
Champaign,OH,Columbus OH
Carroll,OH,Columbus OH
Butler,OH,Columbus OH
Brown,OH,Columbus OH
Belmont,OH,Columbus OH
Auglaize,OH,Columbus OH
Athens,OH,Columbus OH
Ashtabula,OH,Columbus OH
Ashland,OH,Columbus OH
Allen,OH,Columbus OH
Adams,OH,Columbus OH
York,SC,Columbia SC
Williamsburg,SC,Columbia SC
Union,SC,Columbia SC
Sumter,SC,Columbia SC
Spartanburg,SC,Columbia SC
Saluda,SC,Columbia SC
Richland,SC,Columbia SC
Pickens,SC,Columbia SC
Orangeburg,SC,Columbia SC
Oconee,SC,Columbia SC
Newberry,SC,Columbia SC
Mccormick,SC,Columbia SC
Marlboro,SC,Columbia SC
Marion,SC,Columbia SC
Lexington,SC,Columbia SC
Lee,SC,Columbia SC
Laurens,SC,Columbia SC
Lancaster,SC,Columbia SC
Kershaw,SC,Columbia SC
Jasper,SC,Columbia SC
Horry,SC,Columbia SC
Hampton,SC,Columbia SC
Greenwood,SC,Columbia SC
Greenville,SC,Columbia SC
Georgetown,SC,Columbia SC
Florence,SC,Columbia SC
Fairfield,SC,Columbia SC
Edgefield,SC,Columbia SC
Dorchester,SC,Columbia SC
Dillon,SC,Columbia SC
Darlington,SC,Columbia SC
Colleton,SC,Columbia SC
Clarendon,SC,Columbia SC
Chesterfield,SC,Columbia SC
Chester,SC,Columbia SC
Cherokee,SC,Columbia SC
Charleston,SC,Columbia SC
Calhoun,SC,Columbia SC
Berkeley,SC,Columbia SC
Beaufort,SC,Columbia SC
Barnwell,SC,Columbia SC
Bamberg,SC,Columbia SC
Anderson,SC,Columbia SC
Allendale,SC,Columbia SC
Aiken,SC,Columbia SC
Abbeville,SC,Columbia SC
Tyler,TX,Clear Lake TX
Trinity,TX,Clear Lake TX
Shelby,TX,Clear Lake TX
San Jacinto,TX,Clear Lake TX
San Augustine,TX,Clear Lake TX
Sabine,TX,Clear Lake TX
Polk,TX,Clear Lake TX
Orange,TX,Clear Lake TX
Newton,TX,Clear Lake TX
Nacogdoches,TX,Clear Lake TX
Liberty,TX,Clear Lake TX
Jefferson,TX,Clear Lake TX
Jasper,TX,Clear Lake TX
Houston,TX,Clear Lake TX
Hardin,TX,Clear Lake TX
Galveston,TX,Clear Lake TX
Chambers,TX,Clear Lake TX
Brazoria,TX,Clear Lake TX
Angelina,TX,Clear Lake TX
Winnebago,IL,Chicago IL
Will,IL,Chicago IL
Stephenson,IL,Chicago IL
Ogle,IL,Chicago IL
Mchenry,IL,Chicago IL
Lake,IL,Chicago IL
Kendall,IL,Chicago IL
Kankakee,IL,Chicago IL
Kane,IL,Chicago IL
Jo Daviess,IL,Chicago IL
Grundy,IL,Chicago IL
Du Page,IL,Chicago IL
De Kalb,IL,Chicago IL
Cook,IL,Chicago IL
Carroll,IL,Chicago IL
Boone,IL,Chicago IL
St Thomas,VI,Caribbean
St John,VI,Caribbean
St Croix,VI,Caribbean
Yauco,PR,Caribbean
Yabucoa,PR,Caribbean
Villalba,PR,Caribbean
Vieques,PR,Caribbean
Vega Baja,PR,Caribbean
Vega Alta,PR,Caribbean
Utuado,PR,Caribbean
Trujillo Alto,PR,Caribbean
Toa Baja,PR,Caribbean
Toa Alta,PR,Caribbean
Santa Isabel,PR,Caribbean
San Sebastian,PR,Caribbean
San Lorenzo,PR,Caribbean
San Juan,PR,Caribbean
San German,PR,Caribbean
Salinas,PR,Caribbean
Sabana Grande,PR,Caribbean
Rio Grande,PR,Caribbean
Rincon,PR,Caribbean
Quebradillas,PR,Caribbean
Ponce,PR,Caribbean
Penuelas,PR,Caribbean
Patillas,PR,Caribbean
Orocovis,PR,Caribbean
Naranjito,PR,Caribbean
Naguabo,PR,Caribbean
Morovis,PR,Caribbean
Moca,PR,Caribbean
Mayaguez,PR,Caribbean
Maunabo,PR,Caribbean
Maricao,PR,Caribbean
Manati,PR,Caribbean
Luqillo,PR,Caribbean
Loiza,PR,Caribbean
Las Piedras,PR,Caribbean
Las Marias,PR,Caribbean
Lares,PR,Caribbean
Lajas,PR,Caribbean
Juncos,PR,Caribbean
Juana Diaz,PR,Caribbean
Jayuya,PR,Caribbean
Isabela,PR,Caribbean
Humacao,PR,Caribbean
Hormigueros,PR,Caribbean
Hatillo,PR,Caribbean
Gurabo,PR,Caribbean
Guaynabo,PR,Caribbean
Guayanilla,PR,Caribbean
Guayama,PR,Caribbean
Guanica,PR,Caribbean
Florida,PR,Caribbean
Fajardo,PR,Caribbean
Dorado,PR,Caribbean
Culebra,PR,Caribbean
Corozal,PR,Caribbean
Comerio,PR,Caribbean
Coamo,PR,Caribbean
Cidra,PR,Caribbean
Ciales,PR,Caribbean
Ceiba,PR,Caribbean
Cayey,PR,Caribbean
Catano,PR,Caribbean
Carolina,PR,Caribbean
Canovanas,PR,Caribbean
Camuy,PR,Caribbean
Caguas,PR,Caribbean
Cabo Rojo,PR,Caribbean
Bayamon,PR,Caribbean
Barranquitas,PR,Caribbean
Barceloneta,PR,Caribbean
Arroyo,PR,Caribbean
Arecibo,PR,Caribbean
Anasco,PR,Caribbean
Aibonito,PR,Caribbean
Aguas Buenas,PR,Caribbean
Aguadilla,PR,Caribbean
Aguada,PR,Caribbean
Adjuntas,PR,Caribbean
Worcester,MA,Boston MA
Suffolk,MA,Boston MA
Rota,MA,Boston MA
Plymouth,MA,Boston MA
Norfolk,MA,Boston MA
Nantucket,MA,Boston MA
Middlesex,MA,Boston MA
Hampshire,MA,Boston MA
Hampden,MA,Boston MA
Franklin,MA,Boston MA
Essex,MA,Boston MA
Dukes,MA,Boston MA
Bristol,MA,Boston MA
Berkshire,MA,Boston MA
Barnstable,MA,Boston MA
Yazoo,MS,Birmingham AL
Yalobusha,MS,Birmingham AL
Winston,MS,Birmingham AL
Wilkinson,MS,Birmingham AL
Webster,MS,Birmingham AL
Wayne,MS,Birmingham AL
Washington,MS,Birmingham AL
Warren,MS,Birmingham AL
Walthall,MS,Birmingham AL
Union,MS,Birmingham AL
Tunica,MS,Birmingham AL
Tishomingo,MS,Birmingham AL
Tippah,MS,Birmingham AL
Tate,MS,Birmingham AL
Tallahatchie,MS,Birmingham AL
Sunflower,MS,Birmingham AL
Stone,MS,Birmingham AL
Smith,MS,Birmingham AL
Simpson,MS,Birmingham AL
Sharkey,MS,Birmingham AL
Scott,MS,Birmingham AL
Rankin,MS,Birmingham AL
Quitman,MS,Birmingham AL
Prentiss,MS,Birmingham AL
Pontotoc,MS,Birmingham AL
Pike,MS,Birmingham AL
Perry,MS,Birmingham AL
Pearl River,MS,Birmingham AL
Panola,MS,Birmingham AL
Oktibbeha,MS,Birmingham AL
Noxubee,MS,Birmingham AL
Newton,MS,Birmingham AL
Neshoba,MS,Birmingham AL
Montgomery,MS,Birmingham AL
Monroe,MS,Birmingham AL
Marshall,MS,Birmingham AL
Marion,MS,Birmingham AL
Madison,MS,Birmingham AL
Lowndes,MS,Birmingham AL
Lincoln,MS,Birmingham AL
Leflore,MS,Birmingham AL
Lee,MS,Birmingham AL
Leake,MS,Birmingham AL
Lawrence,MS,Birmingham AL
Lauderdale,MS,Birmingham AL
Lamar,MS,Birmingham AL
Lafayette,MS,Birmingham AL
Kemper,MS,Birmingham AL
Jones,MS,Birmingham AL
Jefferson Davis,MS,Birmingham AL
Jefferson,MS,Birmingham AL
Jasper,MS,Birmingham AL
Jackson,MS,Birmingham AL
Itawamba,MS,Birmingham AL
Issaquena,MS,Birmingham AL
Humphreys,MS,Birmingham AL
Holmes,MS,Birmingham AL
Hinds,MS,Birmingham AL
Harrison,MS,Birmingham AL
Hancock,MS,Birmingham AL
Grenada,MS,Birmingham AL
Greene,MS,Birmingham AL
George,MS,Birmingham AL
Franklin,MS,Birmingham AL
Forrest,MS,Birmingham AL
De Soto,MS,Birmingham AL
Covington,MS,Birmingham AL
Copiah,MS,Birmingham AL
Coahoma,MS,Birmingham AL
Clay,MS,Birmingham AL
Clarke,MS,Birmingham AL
Claiborne,MS,Birmingham AL
Choctaw,MS,Birmingham AL
Chickasaw,MS,Birmingham AL
Carroll,MS,Birmingham AL
Calhoun,MS,Birmingham AL
Bolivar,MS,Birmingham AL
Benton,MS,Birmingham AL
Attala,MS,Birmingham AL
Amite,MS,Birmingham AL
Alcorn,MS,Birmingham AL
Adams,MS,Birmingham AL
Winston,AL,Birmingham AL
Wilcox,AL,Birmingham AL
Washington,AL,Birmingham AL
Walker,AL,Birmingham AL
Tuscaloosa,AL,Birmingham AL
Tallapoosa,AL,Birmingham AL
Talladega,AL,Birmingham AL
Sumter,AL,Birmingham AL
St Clair,AL,Birmingham AL
Shelby,AL,Birmingham AL
Russell,AL,Birmingham AL
Randolph,AL,Birmingham AL
Pike,AL,Birmingham AL
Pickens,AL,Birmingham AL
Perry,AL,Birmingham AL
Morgan,AL,Birmingham AL
Montgomery,AL,Birmingham AL
Monroe,AL,Birmingham AL
Mobile,AL,Birmingham AL
Marshall,AL,Birmingham AL
Marion,AL,Birmingham AL
Marengo,AL,Birmingham AL
Madison,AL,Birmingham AL
Macon,AL,Birmingham AL
Lowndes,AL,Birmingham AL
Limestone,AL,Birmingham AL
Lee,AL,Birmingham AL
Lawrence,AL,Birmingham AL
Lauderdale,AL,Birmingham AL
Lamar,AL,Birmingham AL
Jefferson,AL,Birmingham AL
Jackson,AL,Birmingham AL
Houston,AL,Birmingham AL
Henry,AL,Birmingham AL
Hale,AL,Birmingham AL
Greene,AL,Birmingham AL
Geneva,AL,Birmingham AL
Franklin,AL,Birmingham AL
Fayette,AL,Birmingham AL
Etowah,AL,Birmingham AL
Escambia,AL,Birmingham AL
Elmore,AL,Birmingham AL
De Kalb,AL,Birmingham AL
Dallas,AL,Birmingham AL
Dale,AL,Birmingham AL
Cullman,AL,Birmingham AL
Crenshaw,AL,Birmingham AL
Covington,AL,Birmingham AL
Coosa,AL,Birmingham AL
Conecuh,AL,Birmingham AL
Colbert,AL,Birmingham AL
Coffee,AL,Birmingham AL
Cleburne,AL,Birmingham AL
Clay,AL,Birmingham AL
Clarke,AL,Birmingham AL
Choctaw,AL,Birmingham AL
Chilton,AL,Birmingham AL
Cherokee,AL,Birmingham AL
Chambers,AL,Birmingham AL
Calhoun,AL,Birmingham AL
Butler,AL,Birmingham AL
Bullock,AL,Birmingham AL
Blount,AL,Birmingham AL
Bibb,AL,Birmingham AL
Barbour,AL,Birmingham AL
Baldwin,AL,Birmingham AL
Autauga,AL,Birmingham AL
Winchester,VA,Baltimore MD
Stafford,VA,Baltimore MD
Prince William,VA,Baltimore MD
Northampton,VA,Baltimore MD
Loudoun,VA,Baltimore MD
Frederick,VA,Baltimore MD
Fauquier,VA,Baltimore MD
Falls Church,VA,Baltimore MD
Fairfax City,VA,Baltimore MD
Fairfax,VA,Baltimore MD
Clarke,VA,Baltimore MD
Arlington,VA,Baltimore MD
Alexandria,VA,Baltimore MD
Accomack,VA,Baltimore MD
Worcester,MD,Baltimore MD
Wicomico,MD,Baltimore MD
Washington,MD,Baltimore MD
Talbot,MD,Baltimore MD
St Mary's,MD,Baltimore MD
Somerset,MD,Baltimore MD
Queen Anne's,MD,Baltimore MD
Prince George's,MD,Baltimore MD
Montgomery,MD,Baltimore MD
Kent,MD,Baltimore MD
Howard,MD,Baltimore MD
Harford,MD,Baltimore MD
Frederick,MD,Baltimore MD
Dorchester,MD,Baltimore MD
Charles,MD,Baltimore MD
Cecil,MD,Baltimore MD
Carroll,MD,Baltimore MD
Caroline,MD,Baltimore MD
Calvert,MD,Baltimore MD
Baltimore City,MD,Baltimore MD
Baltimore,MD,Baltimore MD
Anne Arundel,MD,Baltimore MD
District Of Columbia,DC,Baltimore MD
Williamson,TX,Austin TX
Travis,TX,Austin TX
Tom Green,TX,Austin TX
Sutton,TX,Austin TX
Sterling,TX,Austin TX
Schleicher,TX,Austin TX
San Saba,TX,Austin TX
Mitchell,TX,Austin TX
Mills,TX,Austin TX
Menard,TX,Austin TX
Mclennan,TX,Austin TX
Mcculloch,TX,Austin TX
Mason,TX,Austin TX
Llano,TX,Austin TX
Limestone,TX,Austin TX
Lampasas,TX,Austin TX
Kimble,TX,Austin TX
Irion,TX,Austin TX
Hays,TX,Austin TX
Hamilton,TX,Austin TX
Falls,TX,Austin TX
Crockett,TX,Austin TX
Coryell,TX,Austin TX
Concho,TX,Austin TX
Coke,TX,Austin TX
Caldwell,TX,Austin TX
Burnet,TX,Austin TX
Bosque,TX,Austin TX
Blanco,TX,Austin TX
Bell,TX,Austin TX
Bastrop,TX,Austin TX
Worth,GA,Atlanta GA
Wilkinson,GA,Atlanta GA
Wilkes,GA,Atlanta GA
Wilcox,GA,Atlanta GA
Whitfield,GA,Atlanta GA
White,GA,Atlanta GA
Wheeler,GA,Atlanta GA
Webster,GA,Atlanta GA
Wayne,GA,Atlanta GA
Washington,GA,Atlanta GA
Warren,GA,Atlanta GA
Ware,GA,Atlanta GA
Walton,GA,Atlanta GA
Walker,GA,Atlanta GA
Upson,GA,Atlanta GA
Union,GA,Atlanta GA
Twiggs,GA,Atlanta GA
Turner,GA,Atlanta GA
Troup,GA,Atlanta GA
Treutlen,GA,Atlanta GA
Towns,GA,Atlanta GA
Toombs,GA,Atlanta GA
Tift,GA,Atlanta GA
Thomas,GA,Atlanta GA
Terrell,GA,Atlanta GA
Telfair,GA,Atlanta GA
Taylor,GA,Atlanta GA
Tattnall,GA,Atlanta GA
Taliaferro,GA,Atlanta GA
Talbot,GA,Atlanta GA
Sumter,GA,Atlanta GA
Stewart,GA,Atlanta GA
Stephens,GA,Atlanta GA
Spalding,GA,Atlanta GA
Seminole,GA,Atlanta GA
Screven,GA,Atlanta GA
Schley,GA,Atlanta GA
Rockdale,GA,Atlanta GA
Richmond,GA,Atlanta GA
Randolph,GA,Atlanta GA
Rabun,GA,Atlanta GA
Quitman,GA,Atlanta GA
Putnam,GA,Atlanta GA
Pulaski,GA,Atlanta GA
Polk,GA,Atlanta GA
Pike,GA,Atlanta GA
Pierce,GA,Atlanta GA
Pickens,GA,Atlanta GA
Peach,GA,Atlanta GA
Paulding,GA,Atlanta GA
Oglethorpe,GA,Atlanta GA
Oconee,GA,Atlanta GA
Newton,GA,Atlanta GA
Muscogee,GA,Atlanta GA
Murray,GA,Atlanta GA
Morgan,GA,Atlanta GA
Montgomery,GA,Atlanta GA
Monroe,GA,Atlanta GA
Mitchell,GA,Atlanta GA
Miller,GA,Atlanta GA
Meriwether,GA,Atlanta GA
Mcintosh,GA,Atlanta GA
Mcduffie,GA,Atlanta GA
Marion,GA,Atlanta GA
Madison,GA,Atlanta GA
Macon,GA,Atlanta GA
Lumpkin,GA,Atlanta GA
Lowndes,GA,Atlanta GA
Long,GA,Atlanta GA
Lincoln,GA,Atlanta GA
Liberty,GA,Atlanta GA
Lee,GA,Atlanta GA
Laurens,GA,Atlanta GA
Lanier,GA,Atlanta GA
Lamar,GA,Atlanta GA
Jones,GA,Atlanta GA
Johnson,GA,Atlanta GA
Jenkins,GA,Atlanta GA
Jefferson,GA,Atlanta GA
Jeff Davis,GA,Atlanta GA
Jasper,GA,Atlanta GA
Jackson,GA,Atlanta GA
Irwin,GA,Atlanta GA
Houston,GA,Atlanta GA
Henry,GA,Atlanta GA
Heard,GA,Atlanta GA
Hart,GA,Atlanta GA
Harris,GA,Atlanta GA
Haralson,GA,Atlanta GA
Hancock,GA,Atlanta GA
Hall,GA,Atlanta GA
Habersham,GA,Atlanta GA
Gwinnett,GA,Atlanta GA
Greene,GA,Atlanta GA
Grady,GA,Atlanta GA
Gordon,GA,Atlanta GA
Glynn,GA,Atlanta GA
Glascock,GA,Atlanta GA
Gilmer,GA,Atlanta GA
Fulton,GA,Atlanta GA
Franklin,GA,Atlanta GA
Forsyth,GA,Atlanta GA
Floyd,GA,Atlanta GA
Fayette,GA,Atlanta GA
Fannin,GA,Atlanta GA
Evans,GA,Atlanta GA
Emanuel,GA,Atlanta GA
Elbert,GA,Atlanta GA
Effingham,GA,Atlanta GA
Echols,GA,Atlanta GA
Early,GA,Atlanta GA
Douglas,GA,Atlanta GA
Dougherty,GA,Atlanta GA
Dooly,GA,Atlanta GA
Dodge,GA,Atlanta GA
Decatur,GA,Atlanta GA
De Kalb,GA,Atlanta GA
Dawson,GA,Atlanta GA
Dade,GA,Atlanta GA
Crisp,GA,Atlanta GA
Crawford,GA,Atlanta GA
Coweta,GA,Atlanta GA
Cook,GA,Atlanta GA
Columbia,GA,Atlanta GA
Colquitt,GA,Atlanta GA
Coffee,GA,Atlanta GA
Cobb,GA,Atlanta GA
Clinch,GA,Atlanta GA
Clayton,GA,Atlanta GA
Clay,GA,Atlanta GA
Clarke,GA,Atlanta GA
Cherokee,GA,Atlanta GA
Chattooga,GA,Atlanta GA
Chattahoochee,GA,Atlanta GA
Chatham,GA,Atlanta GA
Charlton,GA,Atlanta GA
Catoosa,GA,Atlanta GA
Carroll,GA,Atlanta GA
Candler,GA,Atlanta GA
Camden,GA,Atlanta GA
Calhoun,GA,Atlanta GA
Butts,GA,Atlanta GA
Burke,GA,Atlanta GA
Bullock,GA,Atlanta GA
Bryan,GA,Atlanta GA
Brooks,GA,Atlanta GA
Brantley,GA,Atlanta GA
Bleckley,GA,Atlanta GA
Bibb,GA,Atlanta GA
Berrien,GA,Atlanta GA
Ben Hill,GA,Atlanta GA
Bartow,GA,Atlanta GA
Barrow,GA,Atlanta GA
Banks,GA,Atlanta GA
Baldwin,GA,Atlanta GA
Baker,GA,Atlanta GA
Bacon,GA,Atlanta GA
Atkinson,GA,Atlanta GA
Appling,GA,Atlanta GA
Yoakum,TX,Albuquerque NM
Winkler,TX,Albuquerque NM
Wheeler,TX,Albuquerque NM
Ward,TX,Albuquerque NM
Upton,TX,Albuquerque NM
Terry,TX,Albuquerque NM
Swisher,TX,Albuquerque NM
Stonewall,TX,Albuquerque NM
Sherman,TX,Albuquerque NM
Scurry,TX,Albuquerque NM
Roberts,TX,Albuquerque NM
Reeves,TX,Albuquerque NM
Reagan,TX,Albuquerque NM
Randall,TX,Albuquerque NM
Presidio,TX,Albuquerque NM
Potter,TX,Albuquerque NM
Pecos,TX,Albuquerque NM
Parmer,TX,Albuquerque NM
Oldham,TX,Albuquerque NM
Ochiltree,TX,Albuquerque NM
Motley,TX,Albuquerque NM
Moore,TX,Albuquerque NM
Midland,TX,Albuquerque NM
Martin,TX,Albuquerque NM
Lynn,TX,Albuquerque NM
Lubbock,TX,Albuquerque NM
Loving,TX,Albuquerque NM
Lipscomb,TX,Albuquerque NM
Lamb,TX,Albuquerque NM
King,TX,Albuquerque NM
Kent,TX,Albuquerque NM
Jeff Davis,TX,Albuquerque NM
Hutchinson,TX,Albuquerque NM
Hudspeth,TX,Albuquerque NM
Howard,TX,Albuquerque NM
Hockley,TX,Albuquerque NM
Hemphill,TX,Albuquerque NM
Hartley,TX,Albuquerque NM
Hansford,TX,Albuquerque NM
Hall,TX,Albuquerque NM
Hale,TX,Albuquerque NM
Gray,TX,Albuquerque NM
Glasscock,TX,Albuquerque NM
Garza,TX,Albuquerque NM
Gaines,TX,Albuquerque NM
Floyd,TX,Albuquerque NM
Fisher,TX,Albuquerque NM
El Paso,TX,Albuquerque NM
Ector,TX,Albuquerque NM
Donley,TX,Albuquerque NM
Dickens,TX,Albuquerque NM
Deaf Smith,TX,Albuquerque NM
Dawson,TX,Albuquerque NM
Dallam,TX,Albuquerque NM
Culberson,TX,Albuquerque NM
Crosby,TX,Albuquerque NM
Crane,TX,Albuquerque NM
Cottle,TX,Albuquerque NM
Collingsworth,TX,Albuquerque NM
Cochran,TX,Albuquerque NM
Childress,TX,Albuquerque NM
Castro,TX,Albuquerque NM
Carson,TX,Albuquerque NM
Briscoe,TX,Albuquerque NM
Borden,TX,Albuquerque NM
Bailey,TX,Albuquerque NM
Armstrong,TX,Albuquerque NM
Andrews,TX,Albuquerque NM
Valencia,NM,Albuquerque NM
Union,NM,Albuquerque NM
Torrance,NM,Albuquerque NM
Taos,NM,Albuquerque NM
Socorro,NM,Albuquerque NM
Sierra,NM,Albuquerque NM
Santa Fe,NM,Albuquerque NM
Sandoval,NM,Albuquerque NM
San Miguel,NM,Albuquerque NM
San Juan,NM,Albuquerque NM
Roosevelt,NM,Albuquerque NM
Rio Arriba,NM,Albuquerque NM
Quay,NM,Albuquerque NM
Otero,NM,Albuquerque NM
Mora,NM,Albuquerque NM
Mckinley,NM,Albuquerque NM
Luna,NM,Albuquerque NM
Los Alamos,NM,Albuquerque NM
Lincoln,NM,Albuquerque NM
Lea,NM,Albuquerque NM
Hidalgo,NM,Albuquerque NM
Harding,NM,Albuquerque NM
Guadalupe,NM,Albuquerque NM
Grant,NM,Albuquerque NM
Eddy,NM,Albuquerque NM
Dona Ana,NM,Albuquerque NM
De Baca,NM,Albuquerque NM
Curry,NM,Albuquerque NM
Colfax,NM,Albuquerque NM
Cibola,NM,Albuquerque NM
Chaves,NM,Albuquerque NM
Catron,NM,Albuquerque NM
Bernalillo,NM,Albuquerque NM
Yates,NY,Albany NY
Wyoming,NY,Albany NY
Westchester,NY,Albany NY
Wayne,NY,Albany NY
Washington,NY,Albany NY
Warren,NY,Albany NY
Ulster,NY,Albany NY
Tompkins,NY,Albany NY
Tioga,NY,Albany NY
Sullivan,NY,Albany NY
Steuben,NY,Albany NY
St Lawrence,NY,Albany NY
Seneca,NY,Albany NY
Schuyler,NY,Albany NY
Schoharie,NY,Albany NY
Schenectady,NY,Albany NY
Saratoga,NY,Albany NY
Rockland,NY,Albany NY
Rensselaer,NY,Albany NY
Putnam,NY,Albany NY
Otsego,NY,Albany NY
Oswego,NY,Albany NY
Orleans,NY,Albany NY
Orange,NY,Albany NY
Ontario,NY,Albany NY
Onondaga,NY,Albany NY
Oneida,NY,Albany NY
Niagara,NY,Albany NY
Montgomery,NY,Albany NY
Monroe,NY,Albany NY
Madison,NY,Albany NY
Livingston,NY,Albany NY
Lewis,NY,Albany NY
Jefferson,NY,Albany NY
Herkimer,NY,Albany NY
Hamilton,NY,Albany NY
Greene,NY,Albany NY
Genesee,NY,Albany NY
Fulton,NY,Albany NY
Franklin,NY,Albany NY
Essex,NY,Albany NY
Erie,NY,Albany NY
Dutchess,NY,Albany NY
Delaware,NY,Albany NY
Cortland,NY,Albany NY
Columbia,NY,Albany NY
Clinton,NY,Albany NY
Chenango,NY,Albany NY
Chemung,NY,Albany NY
Chautauqua,NY,Albany NY
Cayuga,NY,Albany NY
Cattaraugus,NY,Albany NY
Broome,NY,Albany NY
Allegany,NY,Albany NY
Albany,NY,Albany NY
